nitrogen_N,phosphorus_P,potassium_K,temperature_C,humidity_pct,soil_ph,rainfall_mm,target
136.1,74.8,171.6,23.6,92.4,6.0,257.2,1
103.1,107.5,192.8,16.5,68.2,4.81,224.4,1
56.4,60.7,119.0,29.1,41.3,7.0,236.1,1
110.0,26.2,77.2,27.9,52.8,5.45,106.3,1
45.9,63.9,135.0,24.2,80.5,8.33,73.6,0
79.5,98.1,154.6,22.2,54.7,5.03,157.2,1
38.7,109.8,65.6,38.2,43.4,7.09,81.5,0
96.2,65.9,194.7,19.8,79.9,4.82,143.1,1
61.9,6.4,93.3,28.0,82.3,6.89,225.3,1
94.8,134.6,114.6,39.9,63.8,7.37,245.6,1
29.4,100.6,111.4,25.7,44.6,8.16,292.0,1
113.6,91.3,29.1,33.2,74.8,5.05,293.4,1
61.6,20.1,165.4,38.3,66.2,7.71,156.2,1
48.8,9.5,44.9,35.3,41.2,6.14,139.3,1
47.4,10.3,106.1,15.8,33.9,7.08,210.3,1
21.1,84.7,202.2,38.1,92.6,7.39,171.4,1
78.7,18.4,110.6,35.9,70.8,6.52,62.1,1
72.3,96.4,133.6,39.0,62.7,7.54,66.2,1
27.0,51.3,111.0,32.0,47.1,4.67,237.9,0
18.1,70.5,69.1,23.3,68.9,5.07,95.8,0
48.7,16.3,171.1,18.0,41.5,6.11,229.8,1
40.1,132.9,81.1,15.1,94.0,8.48,190.9,0
97.9,68.8,30.9,32.7,56.8,7.04,268.9,1
43.9,103.0,24.0,39.1,37.6,5.89,111.0,1
129.1,16.8,16.0,21.6,91.1,6.04,120.3,1
128.0,6.3,116.2,37.0,53.5,7.17,268.7,1
37.0,127.5,174.7,27.8,56.1,8.05,157.9,0
33.8,113.8,92.6,37.1,78.0,5.86,54.2,0
123.5,36.8,75.7,20.0,74.5,6.09,278.9,1
120.1,136.6,177.7,28.8,38.0,8.3,64.1,0
68.5,17.7,143.3,22.2,87.2,7.98,65.4,0
10.8,43.4,108.5,21.8,75.5,6.42,170.2,1
101.4,38.1,198.8,16.1,47.2,7.71,71.6,1
61.6,90.3,189.3,17.1,87.0,6.16,215.7,1
23.5,109.6,21.0,39.7,70.1,5.62,166.7,0
43.6,50.0,142.8,32.9,54.0,7.08,62.2,0
26.1,20.0,195.2,37.2,72.2,6.39,285.8,0
89.1,132.9,131.4,19.3,80.9,6.2,119.4,1
36.5,15.0,30.6,17.7,86.7,5.58,210.7,0
75.4,12.1,74.2,23.4,82.6,8.09,97.4,0
29.7,31.6,78.6,30.8,39.0,7.11,213.7,1
10.3,94.1,82.5,19.8,32.0,7.42,103.7,1
102.4,59.2,36.0,15.4,71.9,5.42,104.1,1
92.9,34.9,184.3,34.5,86.4,5.61,277.4,1
39.4,144.0,157.7,23.0,47.7,7.68,66.7,1
92.3,145.0,194.2,39.1,65.9,4.54,153.0,1
108.8,105.6,37.1,26.1,48.5,7.01,289.1,1
46.4,49.6,201.9,32.5,77.5,4.75,241.6,0
122.8,85.7,85.3,34.0,31.0,7.13,52.9,1
101.2,76.7,108.4,16.7,43.3,7.61,285.9,1
29.1,68.5,163.4,19.6,82.2,7.46,280.9,1
123.9,21.0,134.0,22.4,92.4,7.45,225.3,1
106.6,22.5,75.7,32.7,41.1,4.68,188.1,1
89.2,112.9,96.3,17.8,71.1,6.86,86.0,1
135.8,79.4,92.2,29.5,89.2,6.68,225.9,1
115.1,122.2,157.4,19.0,78.6,4.61,158.7,1
69.1,103.5,189.1,38.2,42.9,6.87,139.8,1
113.9,25.2,152.6,29.8,44.9,4.65,295.4,0
129.1,103.9,166.5,20.5,72.4,7.43,235.1,1
32.1,45.8,175.3,20.1,88.5,6.45,294.2,1
12.2,19.0,168.8,36.6,80.8,4.66,123.2,0
74.1,106.8,40.7,22.6,56.8,6.41,148.7,1
111.0,64.1,93.5,35.6,44.9,8.12,278.3,1
34.0,29.3,133.9,20.7,48.1,4.74,222.2,0
112.5,33.4,30.6,32.3,32.2,4.95,139.5,1
25.5,112.1,130.7,33.8,60.3,6.21,294.6,1
75.3,47.3,122.9,22.8,68.5,6.24,293.3,1
15.9,136.4,87.6,29.8,30.5,7.64,95.1,0
137.4,58.8,124.4,26.2,33.9,4.61,224.8,1
19.7,103.3,32.9,18.0,54.1,6.57,111.6,1
136.7,52.8,186.2,38.8,42.4,4.71,222.0,0
22.5,124.7,163.7,33.2,47.7,8.12,137.6,0
118.6,43.5,152.7,31.8,32.5,7.45,183.8,1
131.3,74.8,110.1,34.5,73.1,7.67,157.8,1
100.1,142.8,125.3,24.6,39.3,7.67,117.5,1
34.3,81.0,140.1,22.8,32.2,6.17,131.3,1
24.7,36.6,59.8,39.8,51.2,7.04,184.6,1
53.0,45.8,31.4,19.0,92.9,5.86,162.9,1
73.9,58.6,162.9,31.9,47.0,7.33,249.4,1
29.5,127.0,93.1,22.7,56.6,6.62,128.2,1
47.2,117.8,172.4,35.8,71.6,6.3,171.9,1
44.8,76.1,21.1,19.4,43.6,7.68,152.9,0
87.7,122.5,21.5,15.8,41.1,5.25,255.2,0
136.8,66.2,183.5,24.6,66.3,7.66,58.8,1
39.6,70.6,140.1,33.9,86.7,6.07,259.5,1
15.9,119.9,179.0,24.7,49.7,6.45,157.4,1
119.9,110.7,194.1,36.8,51.8,8.42,299.7,1
72.0,140.8,61.0,24.0,46.5,8.01,270.3,1
61.7,9.8,118.6,24.4,88.8,5.18,77.8,0
70.4,140.8,48.9,33.1,84.6,5.79,208.8,1
114.0,29.0,125.2,21.2,38.4,5.1,148.2,1
83.1,36.3,55.4,28.2,32.6,7.56,295.0,1
54.7,58.0,119.9,16.7,52.5,5.66,256.3,1
131.8,93.4,193.7,25.0,60.3,5.35,111.5,1
66.2,51.7,16.3,36.8,63.5,4.85,223.8,1
77.6,72.2,49.2,34.4,90.9,4.72,165.3,1
107.2,144.9,8.1,31.3,66.1,5.14,228.9,0
55.8,17.4,140.5,17.6,63.5,7.28,111.7,1
37.0,83.1,38.7,25.2,30.9,8.12,129.8,1
19.6,30.1,19.8,36.2,85.3,5.21,74.5,0
94.9,83.3,45.3,18.3,44.8,5.75,116.4,1
98.2,63.5,38.4,29.9,66.6,6.19,185.7,1
26.2,117.0,88.4,34.3,60.4,8.1,178.9,0
28.6,43.9,142.8,33.9,70.9,4.57,54.7,0
17.8,142.1,92.2,25.8,63.4,6.08,165.8,1
52.5,53.3,45.9,23.4,51.0,5.76,211.8,1
21.9,121.3,180.2,17.1,76.8,8.28,97.2,0
46.4,34.9,191.7,34.2,78.6,7.06,100.2,1
70.7,29.8,53.6,33.9,39.0,8.45,220.0,1
124.8,132.3,63.7,27.8,76.2,6.01,158.1,1
47.2,128.1,97.7,18.4,94.5,5.98,142.9,0
114.9,101.4,144.9,24.3,83.8,7.27,223.5,1
136.9,56.3,34.2,34.0,36.5,6.1,109.7,1
53.6,66.6,104.9,34.3,76.4,5.63,155.7,1
110.4,87.8,145.8,31.7,73.9,5.88,87.8,1
37.4,76.3,175.7,30.6,56.0,7.87,121.8,1
21.9,123.6,51.8,25.1,40.1,6.74,151.4,1
101.2,139.8,115.0,22.3,74.0,4.59,169.3,1
62.9,65.1,183.5,20.3,54.0,5.25,198.6,1
67.5,57.6,109.3,30.1,45.6,7.66,178.7,1
47.4,23.7,123.0,15.4,50.5,6.18,91.7,0
34.0,95.6,135.1,23.2,55.2,6.01,116.8,1
58.6,109.0,93.4,21.6,49.2,7.99,295.0,1
81.7,114.4,78.7,19.1,46.8,7.22,219.5,1
125.1,95.0,6.9,16.3,63.5,5.33,76.5,0
118.9,106.3,90.6,24.4,73.8,5.94,252.3,1
62.1,91.5,36.9,24.2,40.7,8.49,59.2,1
138.8,7.9,88.2,19.0,41.6,4.62,201.5,0
17.6,75.0,56.6,23.6,61.4,5.07,262.4,0
95.0,15.6,74.2,39.5,54.4,4.68,238.3,1
17.5,48.1,59.7,37.2,45.1,8.09,121.4,0
11.3,67.0,41.1,30.9,42.2,7.84,296.1,0
74.0,47.3,93.2,37.7,31.5,5.0,52.9,0
102.4,75.5,70.3,18.3,78.3,6.51,138.1,1
117.2,133.1,192.5,15.7,70.2,7.05,209.8,1
14.4,62.1,103.5,35.3,63.6,6.44,93.4,1
86.9,87.4,201.0,32.4,50.5,8.01,104.4,1
59.3,119.0,182.2,36.5,51.3,7.18,209.1,1
125.5,138.0,96.7,30.4,40.6,8.17,155.8,1
25.6,63.3,119.6,20.5,78.7,4.73,222.4,0
60.5,82.1,75.1,25.2,68.0,5.69,105.3,1
72.1,131.7,78.7,20.8,67.6,6.22,276.1,1
105.2,29.2,19.9,32.9,94.7,5.64,191.6,0
72.2,41.4,130.0,23.5,93.8,5.8,91.5,1
107.3,48.2,183.6,28.2,36.3,7.04,186.3,1
100.6,20.1,25.4,22.8,44.7,5.25,171.4,0
88.8,70.6,49.6,24.2,84.1,8.38,181.8,1
134.1,73.5,45.4,19.6,32.1,7.7,224.1,1
113.1,143.7,198.1,25.9,32.0,6.33,165.8,1
102.0,31.7,30.8,23.0,80.9,7.2,96.8,1
38.9,78.3,12.6,29.9,37.9,6.09,90.9,0
35.8,112.1,38.1,17.9,41.7,7.01,194.3,1
137.8,85.4,179.2,32.4,38.2,8.3,84.4,0
65.3,111.2,134.9,35.3,45.9,6.93,168.1,1
111.3,99.1,178.9,38.9,70.0,6.86,139.2,1
110.5,56.4,82.2,18.4,59.0,7.45,268.9,1
42.6,121.1,133.0,15.4,41.7,5.18,55.9,0
127.9,28.4,187.5,24.7,64.7,7.43,269.1,1
10.3,44.7,83.8,19.3,68.3,5.12,154.6,0
53.7,117.2,158.3,30.7,48.5,5.32,143.9,1
54.3,92.9,166.5,38.0,41.4,5.62,295.2,1
84.0,31.5,79.7,37.5,81.9,8.23,238.8,1
20.8,112.9,93.0,22.9,89.9,7.43,232.3,1
20.4,97.1,80.0,36.2,80.1,7.0,166.0,1
47.4,19.5,199.0,17.5,63.4,6.63,210.9,1
21.5,57.3,7.9,23.2,62.3,7.24,260.9,0
54.2,15.4,87.1,36.7,47.8,5.02,136.8,1
69.4,78.1,5.7,24.1,44.1,8.12,176.6,1
76.7,98.8,128.7,28.6,77.7,7.84,238.7,1
48.3,28.0,44.7,33.8,84.4,4.97,156.7,0
132.8,134.3,77.3,24.5,86.0,6.52,193.1,1
40.7,140.6,107.5,30.7,58.6,4.65,109.2,0
130.3,40.0,128.3,20.8,64.8,6.77,244.5,1
20.9,102.5,162.4,33.4,72.8,5.37,120.6,1
126.0,132.7,73.0,17.2,69.5,6.19,82.5,1
81.2,17.3,8.0,36.1,60.7,4.89,218.6,1
125.5,71.5,127.2,38.2,69.7,4.59,270.1,0
127.7,133.8,78.8,16.6,44.0,8.16,85.6,1
87.9,136.8,11.8,35.7,82.3,4.57,61.0,0
127.3,137.1,5.5,31.2,50.7,5.8,238.0,1
84.9,137.5,144.9,18.8,89.9,7.48,119.7,1
52.9,74.6,62.4,32.5,52.8,6.46,117.9,1
20.4,46.2,169.0,33.2,65.7,8.44,114.5,0
99.1,135.2,182.5,22.8,81.9,5.04,283.6,1
122.0,126.2,117.2,27.7,71.0,6.35,180.0,1
56.5,106.0,78.2,30.3,51.5,4.9,227.1,1
97.6,98.8,159.4,21.0,82.3,4.89,295.9,1
44.7,61.9,144.6,18.1,54.1,4.68,295.0,1
83.8,38.0,168.3,38.9,32.5,4.78,284.1,1
43.5,11.7,118.0,20.0,80.4,8.06,297.9,0
14.6,14.5,118.9,23.7,84.7,5.89,288.2,0
93.9,107.5,114.1,16.8,38.6,4.56,274.4,1
104.7,77.7,59.9,16.1,90.4,7.78,207.1,1
123.6,89.2,150.7,23.2,38.5,6.63,223.5,1
50.6,143.8,165.0,35.8,92.4,6.64,294.9,1
134.4,58.1,165.0,26.7,35.4,5.56,82.0,0
122.1,16.9,7.5,36.7,81.9,5.41,151.0,0
59.5,58.9,11.6,31.4,44.0,7.88,186.8,0
66.9,142.7,177.6,16.8,84.7,6.25,74.8,1
134.0,7.1,92.5,38.0,85.1,7.92,168.2,1
69.1,109.7,11.8,21.6,37.1,7.16,208.0,1
104.8,110.4,80.7,23.5,88.8,5.43,243.4,1
80.3,135.1,189.3,28.8,65.6,6.99,183.2,1
18.6,131.5,121.5,31.4,83.9,6.67,246.6,1
24.7,56.1,190.7,21.1,38.2,7.43,219.1,1
80.3,45.7,196.9,15.2,53.7,7.43,145.9,1
67.7,7.0,13.3,21.7,55.9,6.79,52.8,1
106.0,120.5,93.5,19.1,53.0,7.75,257.7,1
65.6,24.0,47.4,36.0,58.2,5.81,179.9,0
43.2,62.9,41.7,31.7,90.7,4.91,261.8,1
15.4,72.6,71.0,24.6,54.9,5.31,217.9,0
99.2,140.5,105.1,32.7,58.0,4.52,156.0,1
12.9,123.7,161.9,19.4,80.4,4.68,249.5,0
68.5,44.0,197.5,37.4,32.5,6.21,284.3,1
21.6,63.6,148.6,38.5,53.4,7.14,289.3,1
37.1,19.8,22.4,15.2,52.9,5.15,76.0,0
51.6,121.4,167.5,20.4,39.7,8.44,69.1,0
93.6,35.0,32.5,37.1,64.8,6.94,225.3,1
46.5,123.1,110.4,35.1,30.2,6.39,109.2,1
109.3,77.6,139.9,22.0,46.5,5.2,219.1,1
100.3,86.0,28.1,25.2,45.0,7.07,282.1,1
71.7,85.4,55.6,15.8,48.0,7.25,125.9,1
15.8,112.1,17.6,19.3,35.7,5.42,130.8,1
111.5,55.3,183.9,31.4,89.6,5.09,93.1,0
22.8,87.9,139.3,15.1,67.9,4.82,261.2,1
36.1,100.2,64.7,39.3,75.1,7.43,260.7,1
134.8,20.2,199.9,32.2,51.5,6.74,183.7,1
58.5,142.6,197.5,35.0,41.4,6.57,103.4,1
127.4,58.2,194.2,32.1,70.3,8.06,66.5,1
77.1,59.2,72.0,24.0,69.9,6.07,54.1,1
127.6,80.1,149.4,38.6,94.0,8.36,165.7,1
42.1,17.1,110.0,26.4,44.3,7.19,128.9,1
119.0,127.9,71.5,19.9,62.2,5.09,143.9,1
133.4,10.1,139.2,39.3,46.7,5.84,101.5,1
119.4,79.5,52.2,39.0,61.8,8.0,112.8,1
41.9,8.0,204.1,35.8,80.0,7.15,277.6,1
85.4,82.8,179.8,28.6,51.3,5.58,182.4,1
88.9,47.1,18.8,37.2,33.2,6.61,70.1,1
127.7,141.7,120.2,15.4,64.1,7.18,60.8,1
69.8,66.9,164.3,31.3,68.6,5.35,163.7,1
120.8,114.9,65.4,38.6,94.8,6.98,261.9,1
18.9,16.8,192.9,39.8,94.4,5.26,136.3,0
82.5,98.5,60.3,17.3,37.7,5.27,221.0,1
125.6,124.4,14.7,17.0,56.1,7.07,244.3,1
132.2,66.0,123.1,32.9,78.0,5.19,173.2,1
66.9,61.6,135.0,15.2,49.9,7.96,260.4,1
50.3,40.1,91.8,29.0,45.6,5.53,94.2,0
127.3,26.3,40.2,20.5,72.2,8.45,202.3,1
118.6,30.0,90.1,28.1,62.7,4.64,78.4,0
82.9,82.5,168.8,21.5,77.8,8.01,224.3,1
132.1,31.1,159.3,33.0,43.1,6.56,50.8,1
93.6,138.7,22.7,32.0,59.2,4.75,60.0,0
99.9,135.3,115.3,20.6,40.5,6.43,280.7,1
12.5,111.2,34.6,29.6,85.9,6.75,187.7,1
119.9,55.4,49.3,20.2,93.9,7.47,221.2,1
125.3,124.9,205.0,24.9,50.8,6.3,208.9,1
102.1,125.4,189.2,15.6,88.0,5.79,82.7,1
67.5,124.8,120.7,26.8,36.9,6.2,182.0,1
138.2,89.7,72.0,32.9,78.7,5.35,134.3,1
68.9,44.4,194.7,29.5,45.9,5.89,242.6,1
74.8,29.2,8.2,33.0,63.6,5.16,275.7,0
121.5,115.4,180.8,24.7,43.2,5.8,51.8,1
138.7,141.4,122.3,18.3,75.9,8.28,64.4,0
96.1,114.7,77.0,38.7,38.6,5.27,133.7,1
51.8,128.5,201.8,28.8,48.6,7.41,263.3,1
68.5,80.5,152.1,18.8,38.7,7.35,239.8,1
134.4,28.8,70.0,19.8,63.8,7.52,99.6,1
24.7,59.0,143.1,26.0,32.9,7.52,234.7,1
23.8,127.7,199.6,29.7,34.9,8.25,108.2,0
119.8,35.6,129.5,16.4,73.0,5.42,200.4,1
12.1,132.9,162.6,29.5,54.7,6.6,228.4,1
87.2,58.8,87.9,39.1,36.1,5.92,203.5,1
81.8,72.9,75.0,26.7,82.3,5.36,215.5,1
68.0,41.1,156.5,17.6,63.0,5.9,96.4,1
67.5,28.3,6.5,29.3,78.5,4.83,200.2,0
138.7,88.5,18.3,24.2,34.1,5.7,201.1,1
124.5,43.0,61.7,17.4,85.7,6.79,162.4,1
29.2,133.8,189.9,38.4,69.6,7.68,290.6,0
18.6,104.9,171.2,34.9,30.9,5.72,254.2,1
133.9,101.1,75.6,26.2,34.0,5.8,253.2,1
90.3,11.4,161.1,30.9,54.9,6.49,259.1,1
28.5,104.3,21.3,30.5,78.0,4.6,190.0,0
13.5,140.6,58.5,38.2,34.4,5.05,105.9,0
31.7,6.4,110.6,18.5,45.0,7.49,71.0,0
102.9,31.1,41.5,22.4,72.3,4.86,57.9,1
26.6,23.2,155.9,26.5,55.9,5.31,73.6,0
62.7,24.3,79.1,29.6,34.9,6.12,97.5,1
132.4,74.8,124.3,32.4,83.6,6.63,90.8,1
41.5,20.8,54.6,27.9,74.5,8.37,125.5,0
68.6,14.4,146.1,24.7,62.8,5.26,229.4,1
83.3,66.1,112.6,19.9,49.2,4.7,216.2,1
118.7,11.4,160.4,28.4,44.3,6.95,177.5,1
36.1,85.0,190.3,17.1,51.8,7.35,166.9,1
47.4,82.6,99.3,23.4,74.4,5.92,241.9,1
100.3,144.3,114.1,32.6,92.5,5.33,182.1,1
44.0,37.2,93.8,28.7,39.8,8.04,209.9,0
27.5,72.0,46.8,38.8,32.7,8.38,190.9,1
136.3,42.3,19.0,39.4,89.0,7.78,130.7,1
121.8,40.5,90.9,38.3,76.5,4.78,69.8,1
68.3,143.9,62.5,19.9,77.7,6.39,265.2,1
68.8,67.2,39.2,22.3,36.7,5.33,284.1,1
95.2,17.4,163.7,36.7,66.7,7.33,146.7,1
49.5,27.8,31.9,21.3,79.8,8.49,232.5,1
76.4,11.0,23.8,20.1,64.9,4.68,100.6,0
41.6,119.6,128.9,38.6,67.5,7.89,105.8,0
35.8,93.3,138.1,32.5,35.8,8.19,195.4,1
95.3,103.6,134.1,31.8,58.5,6.46,144.4,1
21.3,73.2,69.1,39.4,88.8,5.19,198.1,0
90.5,126.5,98.0,19.6,87.7,6.18,171.4,1
96.3,5.3,16.9,21.1,62.1,5.37,100.7,0
18.7,97.3,137.3,39.3,93.1,4.57,236.6,0
52.4,27.1,105.0,22.5,72.8,6.94,142.7,1
68.0,55.2,118.0,35.9,33.0,8.28,267.7,1
24.0,36.8,36.2,20.9,83.2,7.03,293.5,1
113.0,32.9,185.0,37.8,46.6,7.99,297.8,1
69.0,136.9,44.9,24.5,62.8,8.25,176.9,1
52.7,135.4,203.8,34.5,40.4,4.59,67.0,1
75.9,42.5,36.2,38.5,73.3,7.12,290.4,1
79.1,89.1,195.8,38.2,71.3,7.6,150.1,1
34.4,37.6,55.2,35.6,49.8,7.45,142.2,1
30.8,81.7,12.5,22.3,47.7,6.15,152.6,1
55.4,72.5,109.7,25.9,83.3,5.39,200.6,1
23.3,11.4,54.9,17.0,45.6,6.43,93.5,0
98.7,129.5,47.2,23.9,93.0,5.34,234.4,1
88.7,64.5,7.9,16.6,55.9,7.66,83.3,1
36.5,62.3,34.0,26.5,34.4,5.08,198.1,0
94.6,112.9,8.9,36.3,58.8,5.63,197.6,0
104.1,43.2,157.4,34.0,32.0,6.99,277.6,1
44.6,31.1,183.2,22.5,70.4,5.18,213.1,0
71.5,30.7,92.4,36.2,93.5,6.94,209.1,1
58.0,140.9,41.5,19.1,30.7,7.58,81.1,0
63.8,42.1,161.6,29.6,70.9,6.41,148.4,1
90.5,87.0,27.2,19.2,88.6,6.38,97.8,1
131.4,129.7,57.8,33.0,66.3,8.46,284.2,0
10.7,57.8,172.3,32.7,49.1,8.45,224.0,0
35.4,120.1,127.6,28.6,38.1,7.12,227.8,1
138.5,46.8,139.0,31.3,92.0,6.08,299.8,1
92.8,116.1,22.5,26.6,45.1,7.65,197.2,1
45.8,25.1,46.6,28.6,61.7,7.79,194.5,0
98.6,15.5,124.2,30.9,74.9,7.59,175.1,0
130.8,114.1,130.5,21.2,74.0,6.55,163.3,1
43.4,43.2,42.2,20.8,40.9,5.35,190.0,0
51.7,85.5,94.0,28.4,51.3,4.75,206.1,1
90.2,118.7,54.1,18.5,87.9,8.41,247.2,1
39.9,61.8,64.4,19.7,35.0,4.87,82.5,1
69.0,64.5,164.5,21.2,78.0,7.48,257.6,1
65.3,14.3,140.4,19.2,76.6,4.73,173.3,1
37.8,76.5,194.9,29.2,46.8,7.7,58.9,0
72.8,60.6,24.7,19.8,44.0,6.97,75.8,1
91.4,58.6,188.6,21.5,88.0,8.35,69.2,0
64.7,7.1,140.1,27.3,66.5,5.98,99.8,0
95.9,129.5,146.3,31.0,30.7,6.78,69.2,1
87.5,137.1,100.5,18.2,49.3,5.7,107.3,1
38.7,69.5,56.4,19.5,38.4,7.76,104.4,0
41.7,115.6,138.5,31.1,56.1,6.61,256.3,1
62.1,5.1,89.4,38.4,37.9,4.92,65.3,0
15.8,102.6,175.1,31.0,46.0,7.55,259.0,0
25.8,120.4,58.6,17.4,54.6,6.11,234.0,1
16.1,144.2,92.3,35.7,61.4,7.8,70.2,0
35.8,44.9,59.0,27.6,84.4,6.21,246.8,1
139.3,91.0,68.3,23.2,84.7,8.0,54.6,1
121.9,108.0,37.7,22.0,33.7,6.35,176.8,1
111.8,112.0,87.3,34.7,78.8,5.78,102.3,1
123.7,104.5,137.1,19.2,41.0,6.85,249.4,1
138.8,57.6,92.3,33.4,47.9,4.95,90.4,1
45.5,66.4,96.8,31.5,46.3,6.52,258.0,1
114.0,126.2,113.7,34.2,62.7,7.24,223.5,1
104.0,101.9,60.0,25.2,65.4,7.49,96.1,1
69.9,120.8,129.1,31.2,53.8,7.68,61.3,0
57.1,67.2,187.1,34.2,81.8,6.44,95.5,1
112.9,106.5,136.3,28.7,54.5,5.5,165.0,1
93.4,142.7,127.2,24.7,40.1,6.33,190.5,1
51.0,83.9,138.9,35.2,91.3,5.7,250.5,1
100.8,82.5,49.8,38.6,68.8,4.53,295.2,1
94.0,60.0,183.2,35.1,93.6,6.31,254.3,1
114.6,17.1,204.2,16.4,56.2,5.9,97.7,0
85.2,77.3,24.9,26.0,57.3,8.06,281.1,1
63.0,19.7,82.5,18.2,43.6,4.79,212.9,1
129.9,98.6,21.9,34.9,62.6,7.75,229.0,0
27.0,69.0,176.9,38.2,61.6,8.32,238.9,0
97.0,121.0,23.1,28.0,78.0,7.13,155.8,0
74.6,21.7,56.3,20.5,78.2,6.82,254.8,1
112.3,131.0,141.0,17.6,65.9,5.76,89.8,1
20.5,98.4,27.4,16.3,64.6,5.63,148.6,0
124.7,54.1,132.4,38.6,69.3,5.75,130.0,1
128.1,59.7,195.1,28.4,71.9,7.2,56.3,1
68.2,115.2,48.8,15.6,60.0,5.12,144.7,1
89.2,71.5,11.8,30.6,87.0,4.76,183.8,0
15.8,50.1,47.1,21.7,59.7,5.07,188.7,0
61.0,32.7,21.8,20.3,94.3,8.07,108.7,1
132.5,141.8,86.5,23.7,64.5,4.57,172.3,1
60.1,74.2,6.8,21.6,33.7,8.05,181.0,1
49.3,95.9,58.8,38.5,83.6,4.69,203.7,0
18.7,141.7,100.5,17.3,57.8,4.71,282.9,1
10.1,86.8,129.6,20.7,31.7,7.7,163.9,0
82.4,120.8,76.1,32.5,89.2,8.25,169.5,1
98.9,35.9,149.5,30.6,47.5,7.89,114.4,1
58.6,34.9,17.6,32.6,90.5,5.55,245.4,1
87.5,39.4,23.9,28.4,68.9,6.5,50.9,1
52.1,134.6,147.3,30.9,82.0,6.03,124.2,1
30.6,128.1,55.9,19.0,56.9,7.51,106.9,1
105.3,38.0,151.8,21.6,55.4,4.78,161.7,1
78.9,19.4,191.3,25.4,81.8,5.63,292.6,1
56.6,82.8,193.9,30.4,46.0,8.21,259.3,1
81.1,70.7,117.2,35.1,40.2,7.41,249.8,1
29.1,7.2,30.8,39.6,43.3,4.68,194.0,0
81.0,37.7,12.4,39.9,92.4,5.95,181.4,0
29.2,93.7,20.7,17.3,81.0,7.87,114.8,0
60.7,37.9,64.1,29.4,50.7,5.14,281.2,1
28.5,12.7,195.9,16.4,45.3,7.88,202.4,0
118.7,39.8,122.7,29.8,54.0,6.81,249.1,1
40.1,50.4,56.2,28.9,42.8,7.63,172.1,0
134.2,37.1,49.8,16.1,60.7,7.82,176.5,1
78.2,116.5,67.4,33.0,60.8,5.12,242.9,1
53.4,119.3,85.6,17.8,73.7,5.08,134.3,1
126.5,99.5,20.8,21.2,93.0,8.45,101.9,1
77.7,59.9,175.0,25.9,57.3,8.18,92.3,0
34.6,121.2,140.3,15.3,62.7,7.64,204.5,0
110.2,14.4,71.4,28.6,78.1,8.05,101.0,1
116.4,24.0,50.6,26.7,86.6,8.17,85.5,0
89.5,99.9,197.9,16.8,63.9,6.7,78.9,1
102.6,7.5,82.0,27.9,44.5,8.09,229.2,1
72.7,108.3,162.6,25.0,82.7,6.4,133.5,1
14.7,105.4,27.2,26.0,62.9,5.79,298.5,1
84.3,144.1,39.4,22.8,72.3,8.39,168.8,1
31.9,95.4,85.2,25.1,52.4,5.7,161.9,0
75.4,61.7,7.9,31.5,72.8,7.49,285.5,1
66.8,140.5,93.4,37.3,75.9,7.49,264.6,1
121.1,7.5,44.0,19.2,63.6,5.64,154.4,0
126.2,132.1,162.2,18.9,31.9,7.71,280.4,1
88.5,11.9,107.6,38.7,42.8,6.48,170.4,1
14.4,109.4,195.5,33.8,46.1,8.35,55.3,0
117.3,31.3,98.1,39.1,35.3,7.07,254.4,1
49.1,86.2,17.4,30.6,36.6,6.65,95.8,0
39.0,126.8,130.1,38.7,80.9,7.4,274.0,1
69.1,126.9,131.2,39.3,86.0,6.5,59.7,1
85.6,63.6,91.3,15.1,51.6,6.32,131.3,1
116.7,129.8,138.2,22.7,51.1,6.84,232.6,1
43.2,33.6,112.6,31.4,59.2,4.7,70.6,0
75.1,102.1,166.1,21.5,86.4,8.24,96.3,0
107.2,112.1,66.6,16.4,34.4,7.84,222.6,1
44.7,144.8,38.9,39.6,53.1,6.79,211.5,1
28.3,91.8,146.7,29.3,47.4,5.62,245.9,0
18.8,122.4,76.4,28.7,55.4,7.82,155.2,1
91.3,103.5,105.8,25.9,75.0,7.97,256.6,1
40.3,21.6,56.1,23.5,85.1,6.29,166.7,1
111.2,138.3,49.8,18.1,71.8,5.97,259.9,1
61.9,101.9,109.4,22.1,44.1,4.88,78.7,1
58.0,126.1,48.2,27.5,92.0,8.36,178.4,1
104.1,130.4,154.5,23.8,84.2,5.38,150.0,1
99.0,9.7,30.7,39.7,86.8,7.79,66.1,0
88.1,62.2,122.6,27.0,54.6,6.64,220.4,1
94.9,96.7,110.0,33.9,63.1,6.79,257.9,1
118.5,50.7,93.7,25.4,46.5,7.94,114.9,0
106.7,73.1,51.4,31.4,89.5,6.78,128.6,1
114.2,81.8,82.0,31.1,48.3,6.87,147.9,1
72.4,70.0,102.4,20.7,47.6,6.17,171.1,1
136.9,135.8,56.1,15.9,54.3,6.78,262.3,1
52.2,6.7,75.8,17.2,84.7,5.07,89.8,0
125.8,142.9,144.9,31.2,80.9,5.76,227.7,1
81.4,126.9,86.2,15.3,46.6,5.45,230.7,1
14.6,74.0,104.9,29.3,35.9,5.56,239.4,1
79.2,18.8,102.6,22.9,88.2,4.88,95.2,0
133.5,11.0,108.2,39.8,54.6,8.37,80.2,1
109.5,10.2,76.6,31.6,82.6,5.65,156.5,1
104.2,130.2,86.4,37.5,61.6,8.24,295.8,1
46.8,34.3,135.7,35.9,79.8,8.28,261.8,1
136.1,40.4,132.3,18.9,65.8,6.66,112.5,1
17.3,61.8,204.9,32.8,94.3,7.51,296.1,1
92.0,76.0,178.9,36.6,73.2,6.0,136.9,1
14.0,143.3,27.8,39.4,94.9,6.19,272.2,1
85.6,29.0,187.8,15.8,51.5,7.85,146.9,0
75.5,22.8,45.0,15.5,94.5,6.18,208.0,1
91.1,30.1,95.2,34.9,71.9,5.21,160.8,0
100.4,114.4,109.5,16.5,93.5,7.18,125.9,1
139.7,26.1,18.6,35.9,64.6,4.73,122.4,0
137.7,115.3,45.6,26.8,50.5,5.45,242.9,0
82.8,118.2,70.1,17.1,46.9,7.2,64.6,1
136.1,113.5,144.8,21.0,76.6,4.76,102.9,1
37.2,12.3,203.1,24.2,59.8,6.01,177.1,1
118.5,7.0,106.0,22.4,83.3,6.81,211.9,1
67.4,103.9,8.1,19.5,43.8,7.24,225.8,1
82.1,60.8,176.7,18.0,61.0,6.74,299.3,1
28.7,84.2,175.9,36.7,84.6,8.04,61.1,1
37.3,34.1,180.9,35.0,76.1,8.15,252.0,0
139.0,75.8,29.1,34.0,80.2,5.09,238.7,1
20.8,10.9,192.5,23.5,62.8,5.24,234.4,1
12.3,57.6,170.2,20.0,87.1,8.13,165.7,0
33.9,85.9,48.1,38.2,83.5,8.22,59.2,0
55.7,92.1,94.6,32.2,84.8,5.15,134.2,1
38.3,20.5,83.6,39.0,60.9,4.65,237.2,0
88.4,45.9,192.2,18.9,42.2,7.84,167.5,0
103.8,98.4,105.5,16.6,76.8,7.68,274.8,0
26.4,66.4,50.5,25.2,48.8,7.58,70.5,0
45.5,50.8,118.9,18.9,82.9,7.46,238.4,1
123.2,64.4,168.1,15.9,46.6,5.28,224.8,1
94.1,86.6,109.7,22.2,51.1,7.77,232.8,1
48.9,30.0,192.9,34.3,62.3,5.49,166.3,0
42.5,71.9,11.6,18.9,87.4,6.04,51.0,0
84.6,17.0,48.1,35.7,36.3,8.25,141.9,1
51.5,115.9,46.8,20.6,80.8,8.16,96.9,1
59.2,101.0,112.7,32.0,93.3,5.35,253.1,1
72.5,52.7,33.3,32.6,88.7,7.76,247.1,1
42.6,66.8,98.2,28.1,81.3,6.51,107.4,1
26.2,42.7,20.2,20.3,49.6,7.76,150.7,1
31.3,6.0,136.4,18.8,73.3,5.83,272.0,1
79.4,61.3,177.8,30.0,57.4,6.09,288.6,1
104.7,20.3,171.0,24.0,93.3,4.95,105.2,0
33.4,101.0,192.9,28.2,68.5,7.51,189.0,1
19.4,104.6,117.8,34.9,60.0,5.96,78.0,0
97.3,67.5,204.5,21.9,70.1,6.88,61.1,1
44.3,34.9,134.2,32.7,74.4,5.75,280.1,0
56.7,29.4,133.5,29.4,92.5,4.73,206.0,0
97.5,98.6,116.6,39.1,93.2,7.21,136.8,1
108.4,96.3,97.9,20.4,52.5,6.17,232.7,1
77.3,137.1,117.2,28.1,45.2,5.08,199.5,1
47.3,96.2,23.3,22.1,31.5,6.66,300.0,1
95.9,48.5,16.8,33.9,83.6,5.62,84.3,0
83.2,82.3,27.4,31.7,55.6,8.2,132.5,1
66.9,45.9,12.8,27.7,71.6,5.89,247.2,0
25.1,139.7,69.2,15.6,80.8,7.88,76.1,0
105.2,100.7,159.8,25.7,85.1,6.89,286.0,1
15.8,10.4,44.0,32.0,42.1,5.0,62.1,0
41.9,53.1,13.7,39.7,89.8,5.86,171.7,0
107.9,16.4,111.8,22.3,77.7,4.68,285.3,0
53.0,74.0,131.5,36.6,77.8,5.13,195.2,1
25.3,89.2,150.6,29.1,49.4,6.4,101.4,1
84.9,29.9,71.2,17.8,84.8,4.85,111.7,1
47.1,98.3,85.8,17.3,70.5,7.31,211.2,1
133.8,20.6,202.6,20.1,31.2,5.05,51.6,0
42.1,123.0,172.0,36.0,88.0,4.87,109.9,1
129.4,120.7,56.1,33.6,41.6,7.4,173.1,1
116.8,122.2,133.8,21.7,91.9,6.61,218.6,1
67.0,91.7,19.5,30.7,30.7,4.8,79.7,0
62.7,37.5,59.4,27.6,42.6,6.6,274.5,1
31.2,96.0,143.3,21.6,56.3,8.48,294.0,1
54.7,122.9,168.8,21.3,52.2,6.52,280.2,1
41.0,118.0,113.3,23.9,53.4,5.96,53.4,0
94.6,69.1,86.2,38.3,32.0,5.83,240.9,1
96.7,89.1,133.4,33.0,53.2,5.75,217.6,1
16.6,45.5,138.3,30.3,94.0,8.21,256.7,1
137.3,108.8,82.7,18.0,71.5,6.56,71.2,1
11.1,57.5,109.5,32.4,46.9,6.26,103.8,1
74.5,123.1,169.7,15.7,69.4,7.56,94.8,0
41.7,92.2,19.3,37.7,37.2,5.61,235.9,0
17.1,118.0,136.1,34.1,40.2,4.64,54.8,0
137.6,41.9,61.4,26.3,89.8,6.67,105.8,1
26.5,99.2,96.1,37.4,52.7,6.63,156.1,1
89.2,63.4,181.6,32.0,81.5,7.44,89.1,1
54.1,117.7,192.1,35.1,63.0,4.79,265.0,1
49.5,25.1,182.7,27.0,92.4,5.77,96.5,0
112.6,53.4,130.7,22.7,48.8,7.9,286.5,1
103.7,38.7,119.9,24.9,43.6,6.28,236.5,1
90.9,123.0,156.1,32.2,77.0,5.21,293.6,1
81.6,34.9,204.9,35.1,33.0,4.9,239.1,1
114.0,72.6,188.4,30.7,79.8,5.32,275.0,1
36.5,73.0,68.4,38.6,73.9,5.3,266.0,0
43.2,123.8,21.8,28.8,79.0,6.13,218.9,0
63.2,37.6,167.1,22.4,30.7,6.7,298.5,1
64.5,74.1,83.6,28.9,44.6,7.58,130.8,1
24.6,67.4,80.3,19.6,37.6,4.88,298.7,0
48.6,126.6,21.0,20.4,30.3,6.1,233.8,1
51.1,21.5,59.0,15.8,47.8,8.1,170.9,0
65.6,19.2,97.6,33.1,70.7,7.22,188.2,1
77.9,96.3,59.2,38.8,91.6,6.81,238.2,1
43.5,116.1,49.3,16.4,69.9,4.53,132.9,1
15.0,11.3,52.5,16.1,65.6,6.12,181.8,1
11.2,76.7,188.3,19.9,74.3,6.92,128.5,1
128.6,92.6,193.5,31.2,62.1,5.43,225.4,1
100.3,70.9,30.0,35.5,61.4,7.62,65.6,1
126.1,12.8,112.6,30.4,83.1,8.15,85.0,0
123.7,25.4,78.5,20.7,43.9,5.61,123.9,0
52.4,44.5,188.1,22.5,43.6,6.54,222.3,1
96.5,110.9,165.1,34.5,51.4,7.83,94.4,0
116.4,141.4,196.5,26.4,90.7,8.5,74.3,1
60.6,22.2,156.9,15.7,71.8,4.68,181.3,0
129.6,118.0,115.1,38.0,56.9,7.09,184.7,1
23.1,92.6,164.5,36.3,34.2,7.23,78.1,1
83.8,115.5,186.7,32.5,88.9,7.79,166.3,1
26.5,81.4,131.6,38.7,66.4,8.18,284.5,0
77.5,34.9,117.1,33.5,33.3,8.15,191.4,1
70.5,131.5,152.0,36.5,49.9,4.56,205.0,1
11.2,122.8,170.9,16.5,42.8,5.35,125.7,0
83.6,11.3,93.4,34.8,59.5,6.13,89.7,1
12.1,57.5,149.9,29.7,78.2,7.89,199.5,0
136.3,37.8,85.8,35.3,43.4,6.48,174.3,1
21.0,9.9,188.7,21.2,41.5,8.3,125.4,1
52.5,22.7,81.0,37.9,60.9,5.22,144.5,1
25.0,11.5,34.8,31.1,30.1,8.44,294.6,0
14.4,127.3,35.4,30.0,87.5,5.07,227.2,1
132.9,133.2,12.1,37.9,53.0,7.09,106.6,1
79.1,20.9,164.8,28.8,46.5,6.32,134.6,1
26.1,5.9,73.1,34.4,42.0,5.27,148.0,0
121.0,37.3,107.5,15.9,89.8,5.96,88.9,0
27.7,63.2,146.7,16.5,83.5,4.6,212.2,0
109.4,92.8,84.8,17.6,37.3,5.96,187.7,1
128.6,124.9,144.3,34.1,69.8,8.27,102.0,1
83.8,53.0,113.9,34.6,55.9,6.96,76.8,1
54.4,69.8,189.4,24.9,70.4,4.55,171.5,1
27.7,90.9,10.0,33.3,31.1,6.73,199.1,1
122.1,57.0,37.5,38.6,57.8,4.77,82.1,1
121.6,116.1,133.1,36.4,72.1,7.73,210.0,1
22.4,46.5,103.2,37.4,89.0,7.46,226.8,1
37.4,7.3,54.8,15.6,75.9,7.44,295.8,0
64.4,64.9,51.2,32.8,72.6,7.47,121.3,1
28.0,127.6,47.6,18.9,61.9,5.3,189.0,0
62.4,144.5,98.2,36.4,79.3,8.45,146.4,0
74.8,135.1,41.3,36.6,41.8,5.74,264.7,1
100.2,19.4,76.2,19.3,35.4,7.1,52.3,1
42.3,140.0,70.6,31.3,53.1,7.79,75.3,0
105.0,69.0,166.4,23.4,41.4,7.0,134.0,1
13.0,52.4,152.7,24.2,41.8,6.22,129.0,1
10.2,31.2,187.8,18.7,83.6,4.91,211.4,0
98.5,123.1,182.2,18.2,81.7,4.83,291.7,1
96.5,113.3,21.9,19.5,92.8,4.67,71.4,1
53.9,28.6,105.4,36.7,86.1,7.11,93.9,0
123.8,58.5,89.2,15.4,51.7,4.71,115.3,1
100.4,97.0,129.5,33.6,72.1,4.55,204.8,1
25.8,96.3,8.9,25.6,65.6,5.56,144.0,0
10.8,87.2,160.8,25.9,68.1,6.78,250.2,1
121.1,31.1,53.7,17.8,36.9,5.0,272.3,1
88.4,117.3,54.7,36.6,34.5,6.27,169.8,1
49.2,77.9,96.9,38.0,55.5,5.63,136.9,0
77.9,55.3,161.7,26.6,75.6,7.27,181.5,1
82.8,89.2,100.2,15.5,62.0,8.18,50.6,1
118.5,56.8,30.6,28.8,36.6,6.06,288.0,1
54.7,123.1,69.9,18.7,49.0,5.86,75.3,1
106.0,66.4,8.9,33.1,58.5,5.68,61.9,0
58.4,9.9,122.4,15.3,94.7,6.33,170.0,1
62.2,116.7,9.0,16.3,42.1,5.76,215.0,1
119.0,133.2,140.6,18.7,86.0,7.66,286.0,1
61.7,127.9,86.1,20.6,89.4,5.05,94.5,1
15.6,76.8,5.7,22.3,63.9,4.92,297.9,0
116.0,121.9,15.4,37.9,68.1,4.65,87.6,0
22.9,78.1,22.0,16.8,70.9,5.28,296.8,0
95.2,39.5,38.7,30.0,47.6,7.16,124.2,1
81.7,80.2,173.8,38.1,31.1,4.93,173.5,1
39.6,135.5,112.0,24.8,93.0,6.38,254.9,1
129.0,30.1,175.6,19.3,91.8,7.53,58.0,1
43.8,136.7,142.6,26.7,31.9,7.17,205.2,1
63.8,50.9,144.0,21.7,40.3,6.21,253.5,1
81.5,76.4,201.6,29.2,94.1,5.22,167.7,1
126.8,110.1,199.3,21.2,74.3,7.77,84.4,1
108.4,133.2,48.0,39.9,75.1,5.0,250.2,1
71.1,101.7,64.8,25.2,44.5,6.68,100.7,1
107.8,76.9,63.1,32.2,49.8,5.78,277.2,0
69.2,28.0,94.6,33.2,31.9,4.96,285.3,1
84.0,80.0,61.9,20.6,30.2,4.89,111.6,1
59.2,125.6,48.3,35.1,93.6,6.64,63.0,1
80.5,125.9,152.6,34.4,86.5,6.11,107.2,1
64.6,91.5,109.3,25.9,76.8,5.75,273.5,1
66.7,56.6,168.7,32.1,68.8,6.65,62.5,1
58.2,67.4,134.1,22.7,63.6,5.1,100.3,1
23.7,117.9,115.2,24.5,73.7,6.9,257.0,1
17.1,76.2,28.9,38.0,31.6,6.66,229.6,1
103.6,100.3,94.3,24.8,60.9,6.59,160.3,1
106.4,17.1,71.2,32.6,71.1,8.15,80.0,0
47.9,70.8,81.4,21.9,30.3,4.68,143.5,0
138.1,84.3,188.0,21.5,68.0,6.07,199.9,1
112.1,117.1,151.4,29.7,58.4,4.92,145.4,1
87.2,110.1,162.1,16.3,44.0,5.45,275.6,1
38.8,5.4,68.0,39.6,80.3,6.63,201.7,1
111.3,21.9,111.7,32.5,81.7,7.15,150.7,1
13.7,114.3,154.6,30.4,36.9,8.32,162.1,1
50.5,137.1,54.9,20.0,40.2,6.84,77.2,1
124.7,112.1,141.6,30.5,45.2,5.53,117.6,1
11.7,113.1,121.8,25.9,94.4,6.44,174.2,1
133.0,61.3,149.5,35.2,86.6,7.51,102.6,1
129.3,89.7,142.1,30.6,37.7,7.76,93.6,0
73.7,128.9,125.1,20.0,51.9,6.01,265.1,1
77.3,18.9,183.0,33.1,64.3,6.15,172.2,1
106.1,133.4,77.0,38.6,67.3,6.41,276.2,1
33.1,83.0,16.3,36.7,55.1,6.28,65.2,0
90.7,50.4,92.0,38.8,42.8,6.14,283.0,1
94.7,46.0,142.9,16.2,73.1,4.62,146.3,1
22.4,130.2,100.3,16.7,44.1,7.48,119.4,0
75.2,142.4,92.6,32.8,51.9,4.51,180.2,1
95.7,69.9,184.7,33.0,55.8,8.48,142.1,1
58.9,107.3,122.4,31.6,43.9,4.63,296.6,1
103.3,22.8,119.5,38.5,79.3,5.71,294.2,1
132.7,101.3,180.8,23.3,67.5,6.3,233.4,1
95.4,92.2,186.8,25.3,71.7,7.39,59.8,1
123.0,16.6,62.5,16.6,51.0,7.18,226.2,1
67.8,130.5,34.7,25.1,93.4,5.78,155.5,1
42.4,126.3,106.2,15.9,65.2,8.39,240.2,0
83.7,59.5,138.5,28.5,86.1,7.34,252.7,1
24.4,10.5,146.3,16.1,82.3,6.76,244.4,1
42.6,104.2,133.9,29.1,64.0,6.92,182.9,1
72.6,89.8,179.8,31.5,93.0,4.78,297.2,1
129.0,7.7,146.4,24.0,46.0,8.26,94.9,0
52.4,90.7,113.9,24.0,54.7,6.23,235.6,1
76.4,34.1,137.0,38.8,35.9,6.59,107.3,1
47.1,46.7,185.0,20.8,35.3,6.57,143.2,1
63.7,121.9,141.1,20.3,48.4,4.52,61.9,1
84.8,95.4,174.3,36.1,79.7,4.93,257.7,1
114.0,137.5,126.2,21.0,49.6,6.36,280.2,1
116.9,74.2,26.6,31.2,39.8,4.66,259.1,1
50.5,6.1,122.6,30.1,67.2,4.77,186.1,1
104.2,52.9,199.6,28.7,30.5,7.24,112.8,1
102.0,50.0,80.1,15.5,48.4,5.14,148.7,1
51.4,99.9,32.4,30.2,71.3,6.44,181.9,1
47.8,61.4,107.5,33.6,58.0,8.18,191.5,0
59.1,102.4,191.1,30.2,40.6,5.01,256.2,1
15.4,100.4,55.0,30.9,53.2,4.8,200.8,0
95.5,130.4,35.8,32.3,90.8,4.82,249.2,1
119.8,83.5,5.9,29.2,79.8,5.71,233.5,0
98.0,131.2,48.1,33.1,66.5,8.49,177.5,1
135.0,139.0,114.9,31.6,77.4,8.27,64.2,1
50.7,18.0,170.6,17.5,46.8,7.88,295.3,1
61.6,80.7,115.0,28.3,85.2,4.85,275.6,0
86.6,111.4,182.8,19.5,50.0,6.34,156.6,1
84.7,20.5,197.9,17.8,35.2,6.71,181.7,1
86.0,101.3,29.6,30.0,92.4,5.02,146.1,1
62.1,125.7,108.6,37.8,38.9,8.22,290.1,1
72.1,71.0,21.4,39.5,74.1,5.35,206.6,1
111.5,46.7,187.6,32.6,78.8,5.4,215.3,1
93.5,5.6,99.1,19.8,37.0,8.06,189.1,1
102.1,30.9,104.6,29.7,73.8,8.3,244.1,1
90.1,59.3,130.6,32.5,85.5,4.71,245.3,1
116.2,17.0,180.4,35.7,79.2,5.48,91.3,0
14.6,20.9,13.0,20.0,37.9,5.97,194.6,1
139.7,86.4,106.4,25.1,93.8,8.36,205.9,1
126.4,82.6,54.1,27.7,91.6,5.2,137.0,1
132.6,112.6,9.9,17.4,33.5,8.11,265.5,0
82.2,115.8,123.6,23.6,49.4,4.9,114.3,1
83.1,125.8,81.6,22.3,93.0,8.14,90.1,1
127.9,98.6,56.2,26.1,36.8,5.13,278.8,1
19.9,13.6,117.5,21.8,70.7,7.87,284.7,0
36.2,85.5,33.7,26.9,34.3,6.35,108.4,1
67.2,62.7,135.7,39.8,56.2,4.86,158.0,1
123.9,58.5,87.0,35.9,42.5,6.33,104.3,1
78.8,48.9,39.6,21.1,67.0,7.52,219.0,1
15.4,60.7,71.4,21.5,94.6,6.4,191.5,1
117.6,124.2,118.2,34.7,66.2,6.9,247.8,1
90.7,96.9,97.7,36.1,84.9,5.29,272.4,1
50.9,24.5,72.4,36.9,30.1,7.31,295.0,1
67.4,94.9,104.0,16.4,67.9,7.86,111.1,1
67.1,135.5,201.8,34.8,65.5,6.92,292.1,1
93.4,137.2,123.2,24.8,40.7,4.53,143.0,1
62.2,144.9,155.9,33.7,90.9,6.86,106.8,1
122.1,28.6,191.9,23.4,65.2,5.63,91.7,1
21.1,104.8,118.4,35.2,82.4,7.82,97.9,0
97.1,79.2,181.5,28.5,76.7,6.04,92.9,1
114.8,34.3,176.1,39.9,66.3,4.95,167.9,0
58.0,49.9,193.4,36.5,48.8,5.99,298.9,1
138.3,86.1,150.2,27.4,64.4,6.06,254.9,1
108.3,59.9,154.6,19.9,67.6,8.17,97.3,0
46.6,51.1,6.9,15.1,84.9,7.44,172.5,1
11.5,87.7,173.3,19.7,69.6,6.23,92.1,1
65.2,40.6,78.5,27.8,65.6,6.31,269.8,1
72.8,65.1,137.0,38.2,65.9,5.17,142.7,1
94.5,75.0,37.1,24.3,50.7,6.55,253.9,1
38.8,39.6,130.6,31.2,52.7,7.48,132.5,0
83.6,123.5,50.8,37.3,43.0,8.36,194.1,1
52.6,105.4,172.9,26.1,93.2,5.65,140.7,1
45.1,55.8,167.5,26.8,68.1,6.66,138.5,1
137.6,79.4,123.2,31.4,58.6,7.39,240.0,1
90.6,55.3,80.2,38.7,69.0,7.61,214.2,1
75.8,114.9,96.7,24.9,72.8,4.85,173.1,1
65.7,77.8,7.3,39.8,79.5,8.46,146.9,1
44.2,47.3,121.6,33.9,59.4,5.92,224.5,0
73.5,99.7,73.5,17.0,89.1,7.16,263.1,1
22.3,75.3,101.5,35.7,76.8,7.29,179.0,1
126.5,139.2,78.8,20.1,55.3,5.16,152.6,1
30.0,81.1,13.1,25.2,30.9,4.83,73.3,0
54.8,20.6,92.3,37.1,32.7,6.3,57.1,1
126.6,32.2,131.4,39.9,38.4,5.34,270.5,0
40.5,28.4,183.2,36.8,31.2,5.92,232.2,0
109.8,75.5,153.8,16.6,60.9,5.76,252.9,1
29.3,134.2,110.5,18.8,58.8,7.85,255.1,0
126.6,60.6,185.8,29.4,34.6,7.79,211.0,0
95.3,23.9,140.8,29.4,43.4,7.66,108.9,0
136.3,98.5,167.5,30.1,66.7,6.66,236.2,1
112.1,49.5,130.3,19.2,88.3,5.89,259.8,1
29.8,71.7,142.1,37.5,51.2,5.34,206.2,1
82.1,81.7,46.0,29.8,35.1,7.04,294.2,1
111.5,40.5,61.6,30.5,35.3,8.26,234.4,1
117.6,74.9,134.2,15.7,47.0,6.25,169.8,1
46.7,37.6,23.3,32.3,46.4,7.06,296.3,0
52.3,115.0,51.8,25.9,64.1,4.56,164.7,1
82.7,114.0,195.8,29.1,65.1,7.02,51.7,1
99.9,31.3,122.0,27.7,51.1,6.54,288.8,1
25.7,98.0,153.9,21.3,58.3,4.75,65.1,0
112.9,5.3,194.5,38.4,81.6,7.86,123.1,0
44.6,55.7,173.7,17.0,67.6,5.91,118.4,0
95.9,72.9,150.5,24.5,61.1,7.94,86.5,1
95.4,23.4,117.3,28.3,38.8,7.56,215.3,1
64.6,119.6,116.7,21.2,78.0,7.63,186.6,1
93.5,55.6,120.8,34.7,73.2,6.62,170.0,1
21.0,59.5,100.3,32.4,75.4,6.51,263.6,1
131.0,33.5,88.5,36.5,38.4,5.3,52.6,1
67.7,51.2,188.4,25.5,56.2,6.54,52.2,1
35.3,94.3,44.4,22.5,68.3,5.41,286.4,0
118.4,136.9,11.4,36.5,54.5,6.14,295.6,1
124.3,68.0,55.5,30.0,46.7,5.86,259.4,1
111.7,83.8,70.7,15.4,73.8,5.52,94.1,1
85.0,78.1,30.4,33.1,67.2,4.51,167.1,0
41.0,74.0,80.2,34.1,84.4,6.76,178.4,1
91.8,7.0,83.5,32.2,60.3,7.15,70.0,1
96.2,70.9,183.7,19.3,64.4,8.32,188.4,1
25.1,14.8,98.2,35.2,70.4,6.79,209.3,0
107.5,120.6,11.8,22.1,89.3,4.89,267.5,0
20.2,91.1,194.7,37.3,40.4,5.21,171.7,1
19.7,112.5,81.0,23.9,63.0,7.55,146.2,1
101.0,59.8,118.9,19.1,94.9,7.04,203.5,1
63.4,70.9,35.5,17.1,75.6,7.83,116.8,1
135.1,38.2,9.8,39.4,77.9,6.23,201.9,1
56.1,124.4,127.0,32.4,64.5,7.0,183.6,1
19.0,17.5,41.8,31.4,60.9,4.95,227.8,0
84.2,7.3,78.5,15.8,76.1,7.06,178.8,1
72.7,103.3,117.7,22.5,37.0,6.02,220.6,1
139.5,29.4,142.0,35.3,77.6,8.41,56.2,0
47.6,133.0,150.6,27.3,42.1,7.85,260.3,0
77.9,97.1,136.4,18.6,75.0,8.23,190.0,1
92.2,89.0,202.3,27.7,60.1,5.88,151.4,1
65.5,33.6,56.5,23.7,35.5,8.3,191.2,1
10.3,104.9,200.3,21.0,31.2,7.97,271.1,0
33.9,31.0,65.3,37.1,76.8,8.48,222.8,1
19.0,127.5,123.8,33.7,84.2,6.84,292.2,1
24.4,135.6,182.4,34.6,65.7,5.87,261.1,0
104.1,13.6,194.9,22.4,90.7,6.87,188.5,1
116.2,115.7,47.7,26.1,68.2,4.9,184.8,1
65.2,53.0,176.1,25.3,88.8,6.74,158.7,1
133.9,70.7,143.6,38.3,70.0,5.45,210.0,1
33.4,114.6,189.0,26.8,54.5,8.48,217.6,0
58.2,53.8,28.1,33.9,31.8,5.29,188.7,0
101.0,12.0,167.0,17.3,92.0,5.87,291.8,0
109.3,27.8,194.7,29.8,70.8,6.05,144.5,1
30.4,118.9,195.2,31.4,58.0,5.86,223.4,1
138.8,33.8,191.3,21.3,35.7,5.89,70.2,1
93.9,87.6,120.0,15.4,53.2,5.84,99.9,0
31.5,25.2,98.6,39.3,62.9,7.44,236.4,1
101.4,71.1,190.6,15.4,70.8,6.78,123.9,1
51.9,47.7,25.7,20.9,42.9,6.63,104.7,1
90.2,125.9,151.9,32.7,77.7,5.54,90.3,0
72.6,90.4,6.6,35.9,52.7,5.33,195.8,1
53.3,121.6,162.2,17.1,42.4,4.88,148.6,1
91.0,59.0,131.2,25.3,37.7,8.4,181.4,1
24.8,19.3,179.3,30.2,93.8,5.45,86.9,0
109.9,87.6,168.8,36.1,91.7,6.45,115.2,1
83.1,118.0,35.4,37.6,38.1,4.67,74.6,0
111.1,105.5,110.5,33.0,55.4,5.9,79.8,0
27.2,141.3,39.0,25.8,65.4,5.77,247.0,1
18.7,97.9,102.2,39.6,53.8,7.79,194.5,1
114.8,111.4,153.4,32.0,30.6,4.92,288.9,1
67.6,76.2,149.5,30.2,41.0,7.57,261.4,1
135.0,38.6,182.5,20.0,62.0,6.11,57.3,1
93.7,129.2,104.0,26.4,30.1,5.71,280.1,0
10.1,81.6,59.7,27.6,51.6,7.09,290.8,1
36.6,37.0,121.8,15.5,39.8,4.56,93.7,0
14.7,18.7,159.1,32.8,72.7,5.9,257.5,0
95.9,132.9,168.2,16.0,74.8,7.11,146.8,1
22.6,31.1,155.5,38.5,36.8,7.73,242.9,1
50.0,93.4,67.6,24.8,48.3,8.0,54.3,1
84.2,77.2,88.7,17.0,63.0,7.55,265.8,1
101.9,131.6,78.3,30.6,65.5,6.53,237.5,1
45.5,136.3,20.2,30.8,83.3,6.85,147.2,1
108.8,87.0,71.8,30.7,44.8,4.71,116.1,1
84.9,101.8,173.9,18.0,47.0,8.45,103.0,1
135.8,124.0,36.2,19.4,66.1,7.13,178.5,1
18.7,108.4,40.3,17.8,44.5,5.15,123.8,1
42.3,45.5,93.1,15.6,77.8,6.39,50.2,1
105.2,90.4,134.2,27.0,69.0,4.64,218.4,1
39.3,117.2,71.2,33.8,71.2,5.8,208.3,1
127.5,57.6,87.9,30.2,70.9,4.91,133.3,1
130.5,15.6,144.8,26.9,32.5,6.59,230.6,1
122.1,25.5,17.2,26.5,84.7,4.72,83.5,0
132.1,11.0,204.5,27.7,78.5,6.6,94.7,0
119.5,115.4,133.0,21.5,43.2,4.56,113.6,0
40.0,32.7,109.5,31.3,94.8,4.68,149.1,0
18.1,68.8,17.8,29.0,81.4,6.5,151.3,1
11.5,126.6,69.1,29.4,42.9,7.32,297.7,1
48.7,95.4,106.6,32.3,38.1,5.98,197.5,0
124.6,14.9,51.9,24.0,42.6,5.51,145.0,0
43.3,37.9,192.2,28.2,59.9,5.59,140.1,0
75.8,105.6,176.3,31.9,87.2,5.01,265.7,1
94.7,86.3,149.4,27.6,52.0,6.2,154.0,1
120.4,114.1,17.0,24.6,71.2,6.9,282.2,1
118.4,43.0,15.3,37.0,94.0,7.01,266.9,1
81.7,19.6,164.4,25.2,42.1,4.74,171.4,1
16.9,25.4,80.6,16.0,62.7,7.12,185.4,1
114.2,88.5,125.4,19.7,88.7,5.96,134.4,1
96.3,77.2,11.5,20.6,84.1,7.39,127.4,1
23.2,12.4,79.4,23.7,76.0,4.93,221.2,1
117.1,99.5,192.7,36.7,35.4,7.93,202.4,1
45.6,100.0,9.3,27.9,77.2,4.67,79.3,0
71.3,125.1,50.0,23.5,60.6,6.78,125.3,1
139.1,140.1,16.4,27.0,90.2,8.08,154.4,1
135.6,80.8,37.6,39.9,40.9,7.94,141.8,1
105.0,126.6,126.6,34.6,86.3,4.96,202.9,1
39.1,82.1,77.4,25.4,49.9,7.16,132.3,1
103.5,94.3,192.0,25.5,68.4,5.71,167.8,1
112.0,101.1,160.3,29.3,42.7,4.7,192.6,1
74.9,121.9,11.1,20.7,65.1,5.07,269.4,1
114.5,6.3,136.3,37.6,64.2,7.7,184.3,1
16.6,136.5,130.0,18.9,71.6,7.8,185.7,0
58.9,75.8,198.9,16.5,64.9,4.88,192.3,1
75.0,126.7,94.8,31.7,93.7,8.21,178.9,1
126.3,47.6,11.9,19.6,44.4,6.65,170.1,1
68.8,49.4,201.1,19.7,47.7,7.84,190.3,0
64.6,117.0,160.3,39.8,64.3,5.78,276.7,1
101.2,43.8,89.0,20.3,78.7,7.5,133.9,1
89.6,49.6,11.9,38.7,35.6,7.77,143.1,0
62.3,87.0,124.5,33.7,64.7,5.72,100.9,0
33.6,5.8,91.6,18.6,58.6,4.71,208.2,0
102.2,40.9,63.8,26.9,68.8,4.88,184.2,1
24.3,40.7,58.0,26.1,39.3,5.97,107.7,0
88.8,68.1,44.1,21.8,89.2,8.21,212.5,1
125.6,26.5,66.4,38.6,77.9,5.73,150.6,1
14.9,17.1,37.0,39.8,48.7,7.5,72.8,0
12.2,132.3,148.9,22.8,58.4,7.27,147.1,1
83.6,84.9,95.6,16.4,56.8,6.32,95.4,1
51.4,90.1,135.9,37.9,33.8,7.5,107.2,1
109.3,93.5,82.1,40.0,64.0,5.08,155.1,1
80.6,19.1,63.9,35.6,35.7,6.57,256.0,1
108.9,114.6,100.0,28.7,43.9,5.31,290.4,1
134.6,99.2,34.7,30.3,59.3,5.91,77.8,1
127.4,8.4,140.3,16.5,79.9,6.68,203.6,1
112.9,39.0,203.2,29.0,43.8,7.96,120.3,1
93.0,89.3,114.3,33.7,53.8,6.21,250.4,1
123.7,144.2,188.7,20.9,37.2,5.58,266.0,1
72.3,81.2,191.2,19.1,56.9,5.01,104.3,1
17.8,39.3,151.4,15.7,87.2,7.81,78.0,0
25.5,41.5,5.6,23.2,91.2,6.46,264.3,0
52.6,59.7,17.1,29.6,63.2,8.28,126.6,1
106.9,87.3,31.7,36.8,49.4,5.75,299.5,1
91.4,70.7,13.5,20.2,64.2,7.47,265.9,1
131.4,99.9,123.6,26.0,62.1,5.3,88.3,1
27.6,15.8,130.9,26.3,36.2,7.58,95.7,0
93.8,42.1,42.7,39.2,47.1,6.13,94.0,1
65.0,87.0,52.4,23.6,58.8,5.71,191.4,1
45.9,36.4,25.6,27.7,78.3,4.51,294.2,1
12.1,127.0,184.5,33.1,89.4,7.72,149.7,0
60.6,69.6,159.7,26.2,48.6,7.14,197.0,1
26.8,95.2,174.7,39.9,46.8,5.14,162.1,0
65.3,98.8,66.1,37.0,65.3,4.73,210.3,1
71.4,83.6,72.9,24.5,77.0,5.03,261.5,0
37.5,97.6,56.2,38.2,68.0,6.7,247.5,1
23.3,67.5,23.6,39.6,49.2,6.1,225.0,1
29.3,66.8,137.8,38.0,79.6,6.64,127.8,1
21.6,118.2,71.6,37.3,92.7,7.05,115.9,1
129.6,53.1,59.2,30.5,49.9,7.89,290.6,1
30.0,125.4,35.2,36.9,49.4,4.71,94.6,0
136.3,86.5,172.9,21.9,40.1,6.91,249.9,1
92.0,70.7,66.2,34.0,75.3,6.57,101.8,1
126.2,133.9,72.7,35.3,69.5,7.58,120.0,1
129.2,116.6,108.6,33.3,75.2,7.64,228.3,1
94.1,30.2,54.8,32.6,70.4,4.96,262.1,1
107.0,25.9,170.1,21.3,50.5,6.09,293.5,1
126.4,72.4,15.2,33.1,34.3,5.45,240.8,0
30.4,140.3,61.7,23.4,30.2,6.27,193.6,1
32.1,104.4,97.1,24.8,46.1,5.67,269.3,0
123.2,98.1,46.6,28.5,32.0,7.37,236.9,1
34.7,103.9,175.1,23.8,81.6,6.36,244.8,1
111.5,138.6,144.7,36.0,47.6,4.91,106.4,1
33.2,137.7,148.4,21.7,86.6,8.04,240.7,1
44.2,121.1,63.4,24.8,77.8,6.67,78.2,0
76.4,128.2,80.5,21.6,87.5,5.19,285.7,1
15.4,75.7,145.3,25.7,35.4,8.12,273.2,0
59.1,15.1,124.3,29.2,59.0,8.38,225.6,0
102.2,35.2,203.9,21.3,52.0,8.26,295.0,1
115.0,33.8,75.3,22.1,36.0,5.18,227.1,1
86.6,125.6,58.5,39.6,57.0,4.64,201.7,1
56.4,129.8,204.5,29.4,40.8,4.65,260.9,1
97.1,130.0,36.0,22.0,31.0,6.46,120.9,1
88.8,125.9,24.9,16.3,64.0,6.22,113.0,1
76.1,94.0,192.8,15.2,52.7,6.46,174.7,1
72.0,86.6,35.3,16.1,41.1,7.64,173.7,1
133.3,15.5,161.4,37.0,65.2,4.69,263.8,1
103.8,115.3,99.7,29.8,51.3,7.51,63.9,1
53.0,90.1,54.7,24.0,75.3,5.05,230.1,1
99.1,27.3,171.6,38.9,86.9,7.85,227.9,1
117.1,75.3,157.2,15.2,91.2,8.1,143.8,0
126.2,75.7,7.5,36.3,71.1,7.65,82.6,1
113.6,29.0,187.3,36.7,31.6,6.18,84.5,1
106.7,140.4,23.8,30.3,86.6,7.04,161.7,1
36.1,134.7,202.7,33.1,39.9,6.24,284.2,1
45.6,15.9,22.7,18.2,61.3,8.11,251.8,0
124.0,47.8,78.1,18.2,55.2,6.48,137.4,1
91.0,99.6,160.6,34.7,41.7,6.01,288.8,1
59.6,24.0,124.4,29.5,77.8,8.4,118.8,1
126.4,29.7,11.1,18.1,41.0,7.88,245.2,0
115.4,77.2,7.2,25.6,68.5,8.41,116.9,1
17.7,109.8,89.8,33.2,31.0,7.27,230.8,1
65.2,95.7,175.9,29.3,74.5,7.39,298.7,1
81.3,19.6,162.5,15.9,75.6,4.67,200.9,0
98.2,88.7,110.1,34.8,36.7,5.08,267.1,1
97.1,10.1,22.4,20.8,79.6,6.35,286.4,1
22.9,143.5,164.2,22.8,47.0,6.47,197.3,1
110.4,122.4,81.9,30.3,43.8,5.53,292.5,0
82.9,31.7,40.3,21.0,31.7,6.37,250.2,1
124.6,15.3,138.9,20.0,79.0,4.6,249.6,1
70.4,131.3,113.0,37.0,91.9,8.16,94.0,0
86.3,25.6,131.6,36.1,40.7,8.03,265.0,1
105.3,117.1,174.4,39.4,59.1,7.47,248.4,1
72.1,5.2,108.8,36.6,73.7,4.88,241.3,1
67.4,122.8,184.5,31.9,68.3,7.0,196.5,1
117.4,113.1,57.1,36.7,74.4,7.76,156.1,1
122.9,142.4,10.1,39.5,67.6,8.12,289.8,1
28.6,125.0,137.0,22.3,34.4,6.78,66.4,1
61.4,61.4,184.1,22.2,48.3,5.82,65.1,1
39.9,124.0,158.5,27.8,92.0,6.51,171.6,1
115.2,137.5,77.1,21.4,88.2,7.57,72.9,1
130.1,122.0,177.7,34.6,60.2,7.07,278.6,1
31.0,60.2,10.6,20.3,80.2,8.47,148.3,0
103.8,106.9,25.2,32.6,66.2,5.17,231.6,1
76.7,40.5,132.7,26.9,78.9,7.96,247.7,1
48.9,69.2,169.8,21.3,34.3,7.18,195.0,1
32.3,37.8,30.6,22.7,53.8,6.07,252.6,1
65.7,52.2,35.8,31.3,30.3,7.18,207.6,1
43.2,127.8,106.6,39.7,36.2,7.02,296.0,1
131.9,111.5,71.7,30.3,79.9,5.5,173.0,1
122.2,29.1,111.8,37.1,43.3,7.53,206.0,1
21.8,39.9,191.1,33.9,81.5,7.98,143.5,0
102.9,55.7,107.3,29.0,63.4,7.32,184.2,1
48.7,40.3,70.7,37.0,73.6,7.3,83.0,1
118.3,65.4,174.4,22.9,84.4,5.05,86.6,0
136.8,48.5,163.7,25.7,94.1,4.61,196.5,1
85.3,30.7,7.8,26.3,94.9,4.81,214.4,1
92.2,123.2,121.6,31.0,43.1,7.14,221.3,1
85.8,66.0,125.5,31.1,31.8,7.58,295.2,0
124.8,118.0,125.9,36.5,74.9,7.13,192.3,1
91.8,120.3,79.7,20.7,88.8,5.44,64.7,0
96.8,31.0,147.1,19.8,30.6,5.66,213.2,1
58.0,83.2,113.2,17.6,42.7,6.28,185.7,1
103.2,61.9,79.4,16.7,62.0,5.57,58.6,1
93.8,82.5,160.8,23.6,88.8,7.87,177.7,1
64.4,68.4,89.8,23.1,73.3,5.64,153.8,1
89.9,129.9,43.4,37.1,71.9,8.12,235.4,1
35.7,71.9,46.7,30.2,39.9,6.35,116.8,1
70.6,84.1,41.3,35.4,35.3,6.17,198.2,1
140.0,116.8,177.1,35.3,69.6,6.58,141.2,1
68.2,25.7,140.6,31.3,85.8,5.01,251.8,1
132.0,48.5,82.4,19.4,55.9,7.41,111.3,1
104.7,117.1,114.3,27.1,54.0,4.84,55.4,1
87.0,55.3,108.4,27.5,31.6,8.47,80.7,1
14.1,6.0,142.3,19.5,51.3,4.6,89.9,1
41.2,72.5,198.7,39.1,73.3,8.11,116.5,0
37.0,22.8,177.6,31.4,68.6,5.12,244.6,0
93.8,11.4,102.1,36.6,55.0,6.39,235.4,1
96.2,25.4,199.8,35.2,49.0,8.3,151.1,1
27.0,12.3,31.1,35.9,66.3,8.04,97.7,0
78.7,58.3,180.7,33.1,58.8,6.12,127.1,1
18.7,31.6,126.1,17.7,32.5,5.53,211.0,0
119.5,49.9,192.5,36.6,44.8,6.24,76.9,1
129.1,143.0,130.4,25.1,48.4,5.8,80.3,1
17.5,5.6,180.9,24.2,56.3,6.49,136.5,1
17.4,79.9,73.5,17.1,67.6,5.57,218.7,1
87.0,30.6,49.2,19.7,58.7,7.62,114.1,1
18.3,115.8,182.0,28.8,31.4,5.34,56.2,0
94.3,61.0,120.9,38.0,67.5,6.12,252.8,1
54.5,119.0,118.8,15.5,67.0,5.83,206.6,1
139.4,43.2,117.3,24.4,31.9,7.73,133.8,1
111.5,105.0,154.0,37.7,83.1,6.8,233.3,1
87.2,28.8,105.6,34.6,32.6,8.21,169.2,1
105.2,106.0,104.4,30.1,36.4,8.47,135.9,1
42.7,94.4,179.0,26.8,30.5,7.33,196.9,1
119.6,33.0,175.9,39.5,80.0,5.63,151.8,1
61.7,81.2,36.8,30.7,92.1,7.73,150.5,1
119.4,80.4,174.4,25.4,82.7,4.92,285.2,1
62.8,127.6,5.1,30.2,67.5,6.58,262.0,1
73.5,26.7,83.6,39.1,67.0,8.08,101.9,1
75.3,117.4,28.5,16.6,67.4,5.14,263.5,0
44.1,20.5,164.8,23.9,32.0,5.1,83.5,0
117.5,15.8,192.6,23.7,58.5,6.28,83.3,1
49.8,105.1,130.5,36.2,53.0,4.8,190.5,0
105.8,143.2,53.2,18.6,57.7,8.15,275.7,1
84.1,53.4,87.4,19.6,33.2,7.32,274.8,1
79.2,98.9,24.9,32.1,58.4,4.57,129.0,0
13.3,70.6,10.1,38.3,81.8,5.23,150.5,0
48.4,69.7,129.0,38.7,40.4,7.4,195.4,1
71.2,127.2,67.0,37.0,49.5,7.08,65.2,1
50.4,80.6,71.2,36.8,89.9,5.65,85.0,0
101.2,67.5,74.1,39.5,42.7,5.12,97.8,1
109.5,7.6,111.5,39.3,48.4,6.53,143.8,1
25.3,26.9,176.3,30.3,37.8,4.78,248.2,0
135.3,41.1,139.4,39.8,77.1,5.39,229.2,1
21.4,61.4,157.9,30.0,76.2,6.25,239.2,1
16.8,142.7,187.5,32.2,50.0,8.07,292.1,0
23.0,138.0,99.4,37.0,41.8,8.39,86.0,0
11.6,82.6,108.2,31.1,51.9,5.39,223.2,1
88.5,76.3,73.6,24.4,68.7,6.54,266.1,1
128.6,51.9,11.8,38.6,53.6,8.15,83.2,0
126.5,15.2,91.8,33.5,92.3,6.23,204.7,1
132.7,60.4,134.3,31.7,56.8,5.86,244.8,1
69.0,71.8,52.6,38.9,84.8,6.58,132.7,1
135.3,95.6,11.3,29.1,87.2,6.94,198.0,1
51.7,104.5,172.5,26.3,64.3,4.51,111.2,1
119.1,114.9,81.8,22.7,36.8,6.85,285.4,1
42.0,13.2,183.8,26.2,39.3,7.85,115.8,0
124.5,22.3,34.6,15.3,34.6,8.06,71.9,0
124.0,77.9,90.7,25.1,81.3,6.79,94.1,1
52.4,69.9,191.7,32.9,81.8,6.11,66.5,1
15.2,118.7,8.8,24.9,73.5,8.17,50.0,0
87.5,64.7,143.5,29.8,31.1,6.36,127.7,1
65.0,117.9,116.4,27.3,55.3,5.8,128.2,1
96.4,7.4,82.5,29.6,41.6,5.86,87.2,0
58.6,31.2,72.2,39.4,77.8,4.79,212.7,1
81.8,20.9,94.0,36.9,82.7,7.46,235.4,1
69.5,94.4,16.4,27.5,82.6,7.8,82.1,0
72.7,135.8,46.7,17.0,94.9,5.7,288.7,1
125.8,41.4,48.3,24.1,75.2,7.48,150.1,1
60.2,108.1,169.4,19.5,38.5,8.44,287.2,1
67.4,22.9,187.0,36.7,55.2,8.44,110.1,1
129.6,111.1,62.2,19.0,47.8,6.55,254.7,1
113.0,89.1,154.2,28.6,90.1,8.17,96.5,1
97.0,41.3,144.1,39.2,38.6,5.05,72.2,0
54.0,94.3,72.8,26.5,81.0,4.93,208.1,0
80.6,118.4,194.0,39.3,86.9,7.95,135.3,1
15.2,38.5,196.3,25.6,82.1,7.51,195.3,0
13.0,129.4,12.9,30.1,92.3,4.6,54.7,0
68.9,95.2,38.5,27.5,84.5,7.6,60.8,1
96.4,69.0,192.1,24.9,66.5,6.91,281.6,1
59.9,71.5,189.8,36.1,94.3,6.83,293.3,1
139.0,29.0,50.9,38.2,94.3,5.64,223.2,1
12.5,10.8,190.6,16.9,77.8,7.89,204.4,0
110.6,104.2,25.5,30.9,74.8,5.55,198.5,0
75.7,121.5,41.4,39.7,69.8,4.69,165.4,1
81.0,80.8,92.9,34.7,79.8,4.94,203.0,1
38.5,5.2,188.5,30.6,43.6,7.51,177.3,0
50.0,105.9,44.0,23.8,41.3,7.03,136.9,1
39.4,94.7,152.3,19.7,36.5,6.27,143.4,1
66.6,18.8,129.3,16.7,42.7,5.4,160.1,1
34.8,67.0,202.6,29.3,84.3,5.51,281.4,1
137.7,129.2,186.1,27.1,77.3,5.74,116.7,1
88.0,32.6,69.6,38.1,34.7,7.7,240.8,0
137.5,121.2,153.3,20.7,53.5,7.64,268.3,1
99.1,119.2,86.5,20.2,62.6,7.67,93.8,0
102.2,56.5,188.4,16.6,68.1,8.09,273.7,1
77.2,40.0,61.2,17.1,73.4,4.51,234.7,1
72.0,26.7,74.7,25.7,61.0,5.07,198.7,1
61.9,132.7,92.2,36.4,64.2,5.56,92.0,0
62.4,105.9,159.8,37.0,60.8,5.76,296.6,1
22.9,14.8,158.8,34.2,69.2,6.11,136.6,1
16.5,27.0,168.8,38.1,31.5,6.68,80.7,0
85.8,8.1,169.4,24.9,64.9,8.31,77.9,0
64.7,94.4,40.9,25.7,53.4,8.21,148.5,1
107.8,95.4,145.0,32.3,76.2,7.82,167.5,1
68.2,139.0,7.8,37.5,37.1,7.19,218.7,1
130.0,69.4,32.8,20.0,41.6,4.75,154.2,1
58.5,107.7,125.6,31.4,84.7,6.98,187.7,1
119.3,85.0,141.2,16.5,49.9,6.35,186.2,1
30.1,134.3,78.1,16.5,57.9,6.35,200.4,1
102.1,82.5,172.2,22.2,61.8,5.06,125.5,1
108.2,48.0,197.6,27.5,61.5,4.77,291.4,1
138.5,35.1,147.4,21.0,89.6,5.44,184.2,1
134.2,127.2,103.8,21.4,63.7,8.0,153.1,1
48.1,103.3,105.7,37.8,72.3,6.24,132.6,1
36.2,56.1,154.2,35.0,43.7,7.8,128.9,1
114.2,132.9,128.1,29.5,86.3,4.71,227.3,1
84.6,17.0,136.5,20.0,30.1,8.17,187.8,1
132.0,28.5,129.1,16.2,94.5,7.46,199.7,1
127.4,74.4,153.9,39.0,69.9,6.13,251.1,1
123.4,40.2,7.3,37.7,63.8,5.82,136.6,1
49.9,82.0,92.4,24.9,49.9,8.37,246.1,0
33.6,11.0,75.4,39.1,68.4,8.12,232.0,0
124.7,85.8,84.9,37.9,33.6,7.59,297.2,1
31.0,70.3,112.2,35.6,88.2,5.49,243.5,1
132.9,93.4,71.6,35.5,79.6,5.49,249.4,1
13.1,18.7,57.3,19.5,89.0,4.7,235.4,0
121.7,114.4,117.4,38.7,61.4,5.88,178.4,1
100.4,33.4,145.5,28.6,71.9,8.19,254.6,1
119.2,100.0,44.3,16.3,52.1,6.66,176.1,1
95.9,73.3,29.0,16.4,63.1,5.19,224.8,1
60.4,70.9,54.7,37.3,60.0,6.71,200.8,1
109.9,143.1,112.1,24.7,76.4,7.84,175.7,1
92.0,124.8,189.4,32.4,44.7,6.03,142.4,1
10.2,134.4,68.0,18.8,31.3,8.31,181.5,1
55.1,136.0,198.4,31.8,85.9,7.02,254.2,1
130.7,59.2,87.1,37.2,59.6,5.44,240.1,1
119.7,142.4,152.0,34.7,46.2,7.08,78.6,1
120.3,136.1,77.6,22.7,70.4,4.97,246.6,1
97.1,83.2,85.4,36.8,52.5,4.88,105.7,1
99.3,74.2,24.3,34.9,31.2,5.05,53.0,0
56.3,133.4,186.8,32.3,36.6,5.33,90.9,0
100.4,59.9,62.2,24.8,30.1,8.49,212.1,1
53.6,22.0,60.1,35.0,90.4,5.4,94.1,0
123.2,129.4,162.8,32.7,69.7,4.59,264.7,1
33.0,139.4,175.4,18.8,70.8,6.71,108.2,1
122.3,137.3,27.9,36.1,86.7,8.19,284.0,1
18.8,11.2,14.0,18.7,66.8,6.06,272.2,0
126.5,41.9,201.6,29.8,70.6,7.95,274.4,0
48.4,131.8,178.4,38.2,32.3,8.42,203.7,0
70.4,84.4,97.7,18.3,80.6,6.46,139.2,1
124.1,16.4,171.7,37.4,61.3,5.53,209.1,1
135.6,74.6,47.7,28.2,43.8,5.03,103.1,1
99.7,119.2,45.0,32.5,75.4,6.72,218.4,1
61.1,102.7,77.2,33.8,85.2,6.1,243.5,1
28.7,71.9,98.9,26.0,74.8,5.88,103.6,1
55.6,42.6,101.2,25.8,55.2,4.66,181.8,1
85.4,73.0,59.1,18.5,59.2,7.85,220.7,1
75.0,83.4,47.2,24.4,44.7,8.44,139.6,1
135.1,27.9,142.3,28.4,35.9,6.99,113.9,1
99.5,30.4,128.3,33.8,54.3,6.36,107.0,1
66.7,121.7,130.9,29.6,84.2,5.62,165.7,1
19.7,47.5,41.2,32.3,35.5,6.91,241.6,1
65.3,107.9,16.4,29.8,64.7,5.92,80.0,0
51.9,123.1,131.2,20.9,34.7,8.48,184.6,1
116.1,117.4,68.7,22.5,90.8,6.77,103.2,1
37.0,88.9,40.6,24.0,63.2,6.11,129.2,1
16.0,45.5,54.4,22.6,76.1,5.35,120.2,1
90.3,22.7,184.4,16.8,46.3,7.06,116.2,1
128.6,79.8,13.4,33.5,92.2,7.12,229.9,1
13.6,93.4,147.0,37.7,43.0,6.94,66.4,1
131.3,65.9,103.7,18.3,43.9,7.15,78.3,1
106.6,83.9,18.3,27.0,88.6,6.88,249.3,1
53.4,65.2,196.1,35.6,40.9,8.13,250.1,1
106.1,29.8,157.0,22.5,76.7,7.82,76.7,0
100.2,31.4,81.3,15.9,77.7,5.71,67.9,1
116.7,13.0,73.4,19.3,54.3,5.76,60.9,0
18.8,131.2,164.8,28.2,42.9,8.1,158.5,0
102.6,54.4,133.6,25.1,53.2,6.54,157.7,1
21.8,34.0,69.7,18.1,82.4,8.46,124.8,0
113.8,106.1,27.4,28.0,33.6,6.81,244.1,1
27.8,36.1,96.3,30.3,31.1,4.94,210.1,1
82.8,27.0,91.5,19.6,93.4,7.47,182.1,1
88.5,102.8,9.8,18.1,30.4,6.05,172.3,1
68.5,136.3,104.2,20.8,81.3,5.46,183.9,1
124.3,138.9,83.5,16.5,44.3,5.43,151.6,1
79.0,9.0,100.9,16.5,54.1,4.65,209.6,1
136.7,70.4,112.6,29.8,42.7,5.96,222.0,1
87.6,106.5,50.2,37.7,54.9,7.27,240.4,1
78.4,97.9,144.3,18.2,86.8,5.31,245.2,1
93.3,135.4,168.8,24.5,37.2,8.0,210.0,1
59.8,15.4,195.4,23.7,68.7,7.11,278.6,1
59.4,15.3,62.5,32.5,71.7,6.46,175.1,1
33.8,19.2,106.2,18.2,50.0,6.88,294.5,1
70.9,124.1,101.3,32.6,58.1,7.27,237.8,1
112.7,11.8,200.7,30.5,78.2,7.78,110.1,0
91.6,61.3,145.6,23.7,39.7,7.75,260.8,1
27.9,97.2,45.8,18.7,47.2,5.71,114.4,0
88.9,12.6,24.8,32.1,65.8,4.52,123.2,0
36.0,83.2,184.2,32.9,89.5,6.84,235.3,1
90.3,64.5,185.0,32.6,62.9,4.64,256.2,1
20.7,32.9,171.2,26.8,77.8,6.6,220.8,1
116.4,69.7,179.2,24.9,30.7,8.45,264.1,1
16.3,13.3,184.5,37.8,85.4,8.0,87.7,0
130.0,96.6,116.6,18.2,41.2,6.34,95.9,1
95.1,144.6,109.5,16.7,54.6,5.14,92.3,1
40.3,95.0,36.8,17.8,52.4,8.03,285.6,1
127.7,71.6,102.0,16.8,39.5,6.78,156.6,1
32.3,116.1,14.6,18.2,53.5,5.83,179.4,0
86.2,33.6,32.0,24.2,33.1,6.9,281.3,1
98.9,54.6,66.4,30.7,72.6,5.66,258.7,1
122.0,133.4,153.0,34.1,70.4,4.85,101.6,1
112.0,100.0,45.7,34.5,46.1,6.82,239.9,1
114.8,36.9,71.6,18.3,49.0,5.8,110.7,1
57.4,55.1,33.4,24.8,88.7,6.57,285.5,1
135.2,9.3,182.8,25.3,56.7,6.29,284.7,1
67.0,117.3,29.8,27.5,61.2,5.55,184.6,1
11.0,108.8,41.3,34.1,49.3,7.63,250.8,0
48.6,109.4,72.7,38.8,84.7,7.36,68.7,1
64.3,75.6,39.5,16.2,93.7,4.54,267.7,1
80.9,89.6,145.2,33.4,88.7,5.37,92.8,0
123.0,120.8,114.1,30.3,87.5,8.26,275.0,1
14.4,23.9,96.9,20.8,46.1,8.26,50.6,0
58.1,86.3,192.2,17.1,81.1,6.98,282.5,1
66.9,107.9,84.8,24.1,87.8,8.05,147.0,1
103.8,9.6,178.7,30.0,65.9,8.09,166.5,1
18.7,107.2,38.2,35.9,38.2,8.39,143.2,1
18.1,133.3,86.8,26.5,31.2,5.84,138.4,0
117.2,64.5,201.3,27.3,83.7,4.91,126.1,1
119.6,12.1,76.1,31.0,55.4,8.13,115.6,1
97.8,79.9,202.4,36.5,54.3,6.3,65.1,1
68.3,89.7,5.3,19.3,67.5,8.03,213.4,0
120.8,117.9,165.6,16.3,69.5,6.07,119.9,1
56.1,47.2,151.5,23.8,48.4,6.96,184.3,1
81.8,123.2,96.8,23.5,88.2,5.93,167.9,1
122.7,16.8,114.4,30.0,70.9,5.23,197.9,1
73.2,117.5,78.6,15.4,81.2,5.22,250.7,1
18.0,133.8,140.7,26.7,87.1,6.57,86.6,1
79.4,17.3,36.5,37.7,50.1,5.14,280.1,1
61.5,22.6,106.8,28.7,42.2,5.8,249.9,1
138.0,134.4,78.4,20.8,68.0,8.2,143.9,1
91.5,93.1,187.6,23.7,34.7,7.99,112.8,1
13.3,29.7,118.6,31.1,30.1,4.7,121.3,0
73.6,137.4,19.3,32.3,89.6,7.81,153.2,0
84.1,136.5,67.1,39.5,61.7,8.29,140.5,1
78.4,41.4,96.7,30.1,50.5,5.71,85.9,1
104.1,12.1,70.0,22.1,35.4,6.73,151.3,1
43.1,134.2,19.4,16.6,73.1,5.45,219.6,0
70.9,27.8,165.7,29.7,76.2,4.61,260.8,1
26.0,92.1,9.9,29.0,52.6,5.21,68.9,0
108.5,20.1,8.8,35.9,32.6,7.56,258.9,0
30.1,39.0,87.5,24.8,71.8,5.95,194.6,0
23.7,36.8,66.2,36.7,34.5,7.81,226.4,1
100.4,37.7,188.4,24.3,80.5,8.33,202.3,1
80.9,99.2,166.3,15.4,52.8,6.37,84.1,1
32.2,55.5,46.7,22.0,42.9,5.18,210.1,0
13.5,41.0,15.2,19.8,70.4,8.34,195.2,0
56.3,79.3,191.8,37.3,78.4,7.05,230.5,1
73.4,61.9,57.3,28.5,31.2,6.82,126.3,1
122.5,19.3,18.7,30.2,43.4,4.62,126.7,0
45.6,7.1,8.1,23.9,31.2,8.28,147.9,0
114.4,47.0,89.5,21.3,77.0,4.57,170.4,1
45.0,86.0,204.5,34.0,65.3,7.48,70.9,1
21.3,60.1,34.6,16.0,55.9,6.32,227.8,1
124.9,38.8,188.8,38.9,93.7,5.0,248.4,1
12.8,40.1,167.4,29.0,52.0,8.07,80.6,1
43.5,86.9,176.4,33.7,39.8,5.66,275.2,1
14.9,106.7,149.3,28.4,54.7,5.04,290.4,1
42.8,110.7,197.4,27.0,94.5,5.2,106.2,0
51.0,128.0,33.4,31.4,77.0,6.28,83.6,1
66.1,69.3,93.8,34.5,78.3,6.81,271.9,1
31.4,7.4,168.4,30.4,32.0,8.09,86.4,0
41.4,66.6,161.0,18.9,89.5,7.67,98.2,0
58.5,80.7,46.2,31.9,40.6,7.95,71.5,0
56.3,113.0,170.3,30.8,63.0,4.8,243.1,1
59.4,12.9,68.5,29.4,93.3,6.36,62.6,1
59.3,46.6,56.6,17.3,35.0,7.22,272.1,1
28.5,125.6,200.2,19.7,75.2,5.05,206.5,1
107.7,53.4,134.7,17.0,30.1,5.51,154.1,1
89.8,111.9,113.0,23.2,52.7,8.24,156.7,1
119.4,122.2,154.2,20.0,69.4,7.22,144.9,1
122.8,53.0,71.1,16.3,80.6,6.23,66.9,1
99.7,106.9,7.0,15.7,73.2,6.95,218.7,1
18.8,36.7,46.0,38.2,36.2,5.04,270.2,1
33.3,42.6,45.4,37.3,94.0,7.69,123.1,1
27.9,16.1,108.4,27.1,92.6,8.0,145.0,0
16.9,50.8,177.9,35.8,90.0,6.84,164.3,1
85.6,24.3,145.7,27.9,72.9,4.56,82.7,0
70.5,49.4,56.0,18.8,56.0,7.95,126.0,1
36.3,27.9,43.0,22.4,93.0,7.55,129.4,0
17.8,68.7,140.6,29.8,37.5,6.57,196.1,1
94.2,120.6,169.4,33.5,75.7,5.33,72.4,1
69.1,114.6,98.9,37.1,52.9,7.8,226.0,1
21.3,82.8,30.8,22.6,74.3,4.99,229.7,0
120.6,62.0,163.2,38.2,64.0,7.73,208.1,1
110.7,6.0,65.2,28.7,90.8,7.5,226.7,1
82.8,39.1,104.2,28.3,61.1,5.96,219.1,1
91.7,98.8,48.3,34.1,59.2,4.91,241.4,1
117.3,143.6,142.5,25.7,76.8,7.81,190.3,1
119.1,45.9,20.2,37.1,62.3,5.28,58.1,1
12.8,92.5,149.8,19.1,30.1,6.46,283.1,1
107.9,10.6,201.3,33.2,75.3,5.78,78.8,0
58.0,72.1,142.4,31.3,45.5,6.8,85.7,1
135.9,38.3,57.8,23.7,61.5,6.54,248.4,1
132.3,89.8,165.0,36.0,41.9,7.21,190.0,1
90.4,36.8,23.5,35.2,81.0,6.24,215.2,1
110.5,41.0,156.5,25.2,55.4,4.62,110.0,1
111.7,101.4,145.7,36.8,38.1,4.65,213.5,1
69.5,75.9,35.0,26.3,84.2,8.38,225.2,1
47.5,140.0,11.2,18.6,33.8,8.1,250.1,0
137.9,96.6,15.8,26.6,31.9,7.31,297.3,1
100.3,75.0,192.1,18.6,65.8,5.39,294.6,1
103.7,126.2,188.1,19.9,94.2,8.17,56.4,0
59.7,52.3,146.4,29.2,41.8,8.48,209.6,1
69.4,113.9,126.8,32.3,33.0,7.59,286.0,1
61.3,62.7,37.3,19.9,38.6,6.32,176.9,1
10.2,62.8,6.6,36.5,51.5,5.83,273.0,0
127.1,73.4,136.3,23.4,85.9,6.95,270.2,1
61.2,138.4,120.2,23.5,90.4,6.65,63.9,1
106.2,22.4,76.5,32.7,42.3,5.28,81.0,0
46.8,113.1,27.6,27.5,81.3,6.57,72.8,0
102.3,50.2,6.3,24.3,30.7,8.07,78.0,0
53.8,27.2,59.4,18.8,87.5,4.74,288.5,0
70.3,11.8,164.4,32.7,78.2,4.98,127.4,1
113.1,56.4,53.8,20.3,40.4,5.84,139.4,1
111.3,80.5,104.7,33.1,65.9,7.17,222.9,1
50.6,142.2,178.0,39.0,45.0,7.76,106.2,1
84.2,62.0,112.0,29.6,54.3,6.1,266.6,1
124.1,83.5,168.0,20.8,37.2,5.2,50.2,0
124.0,136.5,176.9,33.8,66.8,7.14,265.9,1
131.9,66.1,139.0,22.6,60.4,8.46,98.9,0
28.3,143.1,164.8,17.1,55.6,6.22,111.3,1
131.8,13.3,41.3,27.8,42.4,8.08,269.7,1
71.0,50.0,126.9,33.6,50.5,6.8,298.6,1
37.9,131.1,155.8,18.8,90.0,5.11,78.5,0
107.2,77.2,87.0,28.5,68.3,6.99,249.9,1
18.8,106.8,182.7,26.3,38.8,7.76,243.8,0
53.4,93.1,127.2,37.1,73.9,5.08,167.8,1
70.5,64.8,196.8,19.4,82.5,7.47,257.8,1
49.8,40.9,56.8,36.0,56.4,5.57,112.8,0
31.4,126.9,29.9,31.7,59.7,7.46,112.2,1
43.4,15.3,42.8,27.2,62.3,6.59,160.1,1
19.1,94.7,149.1,30.3,52.9,7.62,258.8,0
87.2,115.6,10.4,16.6,70.1,7.94,131.1,1
23.8,32.4,172.1,31.9,80.4,7.16,153.4,1
15.0,56.2,186.5,25.6,41.2,6.77,145.2,1
37.7,44.1,54.7,28.2,87.4,5.87,223.1,1
10.7,131.2,92.9,39.1,41.0,5.9,136.8,1
128.3,29.2,62.6,16.9,71.1,5.37,69.6,0
65.6,109.4,153.0,26.4,37.1,6.56,272.3,1
60.5,15.3,158.6,35.5,42.1,5.04,280.2,0
108.9,50.3,193.3,38.9,89.5,4.94,231.7,1
64.5,16.6,186.7,19.5,54.8,5.7,174.2,0
31.9,106.6,55.4,35.2,42.5,7.75,88.1,0
94.9,33.1,195.0,15.6,61.0,6.94,234.3,1
117.9,87.3,46.0,15.9,63.8,7.99,248.3,1
25.5,68.5,26.3,33.0,71.7,4.52,79.2,0
13.2,105.1,196.2,15.4,67.9,6.82,132.2,1
71.3,97.1,8.9,38.1,79.0,4.81,173.7,1
28.4,127.1,124.1,19.8,74.5,6.04,202.3,1
72.5,123.2,179.5,22.5,81.7,6.86,123.2,1
42.2,139.9,186.0,34.4,50.8,7.22,148.3,1
51.5,22.8,126.0,21.8,68.2,7.39,175.5,1
95.5,41.4,70.6,27.4,90.3,5.05,235.9,0
136.4,29.9,60.7,36.3,82.4,6.08,243.3,1
58.8,57.2,8.1,16.5,67.2,6.88,127.4,1
25.0,59.0,87.2,20.7,80.9,5.68,234.0,1
62.9,22.2,86.7,22.9,34.1,6.06,293.2,1
17.7,31.8,141.7,37.6,81.8,8.17,152.7,1
134.6,98.1,94.9,38.6,80.6,4.59,249.4,1
39.4,103.3,42.4,33.8,48.3,6.47,231.6,1
20.1,59.5,133.1,31.7,43.0,7.68,130.2,0
45.2,82.2,155.7,35.0,48.4,4.69,135.2,1
31.1,78.2,24.5,18.3,60.9,6.66,55.1,0
67.8,51.7,53.3,30.7,32.1,6.73,99.4,1
99.8,134.1,120.9,30.0,71.0,4.81,234.1,1
78.5,22.1,8.5,19.0,87.1,7.34,177.3,1
49.3,53.8,112.6,26.3,71.5,6.74,104.0,1
70.9,22.3,194.3,19.2,92.7,7.57,252.3,1
98.7,52.4,164.8,22.4,64.1,6.87,191.1,1
61.6,62.1,145.9,32.5,32.9,5.18,273.2,1
43.7,79.3,112.1,29.1,70.4,4.54,225.7,0
25.6,108.3,73.0,20.8,93.6,7.18,231.7,1
23.4,119.5,54.2,17.3,61.0,6.48,239.5,1
99.6,61.3,20.7,16.9,78.6,6.85,151.2,1
77.6,71.8,6.1,29.1,35.3,4.8,199.3,0
78.9,79.5,51.8,25.5,33.5,7.29,179.6,1
115.7,74.9,109.2,29.2,40.6,6.31,220.4,1
10.2,131.2,56.9,33.7,72.8,4.91,51.4,0
57.1,106.5,36.7,29.9,90.5,7.77,219.1,1
25.8,138.4,84.0,18.4,47.0,7.76,181.7,0
130.6,26.2,167.1,24.6,35.4,7.22,109.9,1
42.6,69.8,33.7,24.6,68.9,5.45,75.6,0
48.7,138.9,66.9,30.4,48.6,5.4,112.2,0
77.1,29.1,153.8,35.3,40.2,5.36,286.9,0
71.2,83.5,85.8,36.7,66.5,6.37,249.4,1
111.3,19.7,22.8,33.3,78.7,8.17,262.7,0
70.2,72.9,118.3,36.9,79.6,8.06,158.4,1
125.5,101.4,86.3,19.7,31.9,8.36,134.9,0
48.7,140.5,177.9,23.2,78.0,5.42,142.6,1
104.7,142.9,118.0,28.9,86.0,7.71,101.2,1
137.3,53.3,142.4,23.7,62.8,7.07,296.2,1
40.2,110.4,62.6,32.6,66.1,6.23,225.9,1
88.5,108.9,70.2,18.9,55.6,5.34,263.0,1
96.7,104.9,18.0,31.3,63.4,7.07,223.3,1
68.2,35.1,176.0,17.4,38.8,6.38,241.2,1
136.5,131.3,44.5,17.9,63.8,4.95,143.2,1
19.5,46.7,70.7,37.8,64.4,5.91,111.9,0
24.8,91.4,120.1,35.7,82.8,4.66,278.6,0
100.1,15.1,182.0,34.6,69.8,4.73,137.6,1
38.5,134.7,24.6,22.6,62.1,4.9,203.9,0
113.6,82.4,60.8,37.9,62.4,5.22,88.2,1
13.3,57.7,57.4,28.2,93.7,7.58,269.1,1
119.8,72.1,69.2,16.4,75.6,4.52,200.3,1
92.2,140.9,120.7,25.3,94.0,5.78,77.8,1
108.1,68.6,91.2,20.4,60.9,8.11,135.5,1
107.1,96.8,62.3,21.6,66.9,7.19,253.7,1
65.6,92.0,58.2,25.6,36.7,5.7,242.3,0
113.5,131.7,41.2,16.7,46.4,8.04,167.1,0
29.8,42.8,131.3,20.2,59.8,8.17,172.9,1
28.4,57.1,161.7,35.0,78.3,5.24,193.5,1
111.2,94.4,69.9,19.8,92.1,7.87,299.0,1
54.3,47.0,158.7,32.8,69.7,5.76,86.2,0
26.6,74.9,85.0,20.5,89.9,7.25,107.2,1
49.8,64.2,7.9,17.8,45.1,7.62,62.5,0
35.9,142.3,119.0,29.6,80.4,4.64,294.0,1
129.4,36.2,115.9,21.0,62.0,5.34,267.3,1
110.8,81.7,201.5,36.0,50.5,7.48,199.2,1
100.0,74.5,47.2,32.1,91.5,5.08,191.2,1
26.8,140.3,130.7,15.5,57.3,5.89,290.0,1
10.6,56.9,124.5,29.8,42.1,4.91,291.1,0
96.0,26.4,121.3,38.4,81.3,8.05,63.6,0
113.0,27.4,118.1,37.9,76.1,7.05,57.4,0
82.8,15.3,25.2,15.7,77.5,6.41,287.8,1
10.5,109.4,129.5,31.9,37.2,7.98,256.3,1
83.2,76.5,31.9,37.6,55.7,5.64,213.8,1
62.7,124.0,166.3,37.6,72.4,4.87,149.7,0
134.5,79.5,63.8,30.4,59.7,7.93,268.2,1
17.3,117.5,162.0,27.6,57.4,6.39,147.6,1
76.5,14.8,107.4,33.0,75.7,8.06,171.2,0
103.0,125.0,102.2,15.4,41.4,7.49,277.3,1
97.9,44.3,71.8,39.1,79.3,7.88,226.3,1
54.0,14.7,155.3,36.3,80.0,7.42,167.4,1
136.7,62.7,85.9,24.6,92.9,7.91,144.5,1
73.0,79.6,142.8,33.3,93.7,6.22,254.1,1
109.2,21.3,54.8,26.9,71.1,7.54,63.4,0
130.9,68.2,10.6,23.0,40.8,7.75,118.8,0
63.6,11.8,49.7,15.6,52.5,8.05,225.1,0
25.5,21.1,201.9,26.5,64.5,6.84,65.5,1
16.9,144.5,52.5,17.7,85.3,6.25,199.3,1
104.5,103.3,108.1,35.5,51.5,5.62,154.6,1
98.3,18.9,201.3,33.4,52.3,6.92,105.7,1
38.4,28.4,71.4,15.5,34.1,5.66,136.3,1
100.4,44.3,157.7,37.6,90.0,7.51,60.9,0
85.0,10.2,194.7,20.5,61.6,7.36,207.6,1
110.9,132.0,157.2,27.3,31.4,7.3,273.5,1
66.0,70.7,73.7,33.6,32.5,6.32,208.9,1
100.1,99.1,117.1,29.0,80.0,8.03,134.3,1
62.6,16.0,143.2,35.7,72.0,5.1,104.0,0
85.2,112.8,197.3,38.1,72.8,7.32,288.0,1
88.7,36.7,145.8,39.4,89.7,5.39,100.7,1
136.3,52.1,157.7,32.2,41.4,5.54,270.0,1
48.3,7.2,128.5,19.8,31.5,6.18,79.9,0
23.7,91.2,86.6,19.2,62.3,7.34,80.9,1
119.6,35.5,167.2,15.2,36.6,6.08,290.3,1
68.9,41.2,193.4,22.3,47.4,7.11,191.8,1
112.6,77.9,159.8,16.4,68.9,7.42,51.4,1
120.4,28.2,35.1,38.8,88.2,5.6,230.3,0
66.0,99.5,13.1,24.2,68.1,5.61,271.5,1
79.6,93.2,16.4,17.6,66.0,6.96,157.5,0
110.5,121.7,69.4,37.8,56.1,6.68,143.2,1
15.6,10.5,53.5,16.6,67.7,5.18,250.0,1
115.6,135.6,97.2,39.8,45.6,6.85,272.1,1
93.2,114.8,180.6,33.1,58.0,7.97,274.2,1
45.0,65.4,167.1,37.4,59.3,5.95,168.9,0
40.1,88.2,147.1,23.4,38.7,6.91,260.5,1
72.9,7.0,127.2,39.3,49.8,8.18,232.1,0
38.9,118.1,8.3,25.1,44.5,6.43,142.7,1
74.2,126.6,66.0,18.8,41.5,6.5,196.6,1
50.7,131.4,186.6,29.8,37.4,5.11,248.7,1
103.3,136.3,12.0,24.9,88.1,8.01,214.2,1
48.9,133.2,62.2,38.3,71.1,6.7,149.9,1
68.0,116.6,135.7,26.5,52.0,4.72,136.4,1
87.9,67.0,115.8,37.8,79.2,7.12,282.8,1
85.2,52.5,33.4,23.6,79.3,6.31,263.4,1
22.4,106.2,104.8,24.6,70.6,4.54,67.1,0
100.2,25.7,90.2,34.9,74.0,5.24,153.3,0
100.5,10.7,34.5,16.4,48.4,6.97,128.6,1
62.3,29.5,23.0,20.0,45.6,7.44,85.6,0
31.8,21.7,130.5,18.1,60.2,7.21,295.7,0
114.5,116.7,171.6,26.5,55.1,5.93,174.0,1
84.2,10.0,164.8,23.9,46.4,7.86,221.4,1
69.1,47.3,141.2,38.7,70.9,6.4,196.6,1
79.2,82.4,53.2,39.1,46.2,8.28,84.8,0
10.1,43.8,172.5,27.1,36.7,8.37,53.1,0
114.4,79.1,82.0,20.6,87.5,6.61,180.7,1
15.7,141.5,56.4,20.5,90.0,6.08,146.0,1
50.2,49.3,155.7,35.9,65.5,4.54,94.2,1
105.6,132.1,199.8,24.7,80.0,6.06,111.9,1
31.8,25.4,37.9,37.4,36.4,7.48,120.4,1
92.9,70.8,177.4,17.4,41.7,5.46,215.2,1
97.0,10.7,42.9,17.4,62.9,6.09,113.6,1
91.0,72.7,29.7,28.2,35.6,6.84,263.6,1
128.4,74.6,201.8,30.0,42.3,7.84,207.5,1
83.2,133.3,149.6,32.2,40.0,5.12,279.1,1
48.9,34.8,95.9,33.9,32.0,6.91,53.3,1
115.1,102.1,66.7,30.1,82.8,7.55,166.2,1
70.7,106.9,92.2,30.4,81.1,4.94,175.9,1
82.3,70.3,52.6,16.3,58.1,5.91,223.5,1
29.1,82.2,132.8,21.1,58.7,8.33,187.0,1
80.9,48.8,97.2,33.0,94.0,6.58,195.8,1
25.5,32.8,172.6,24.2,47.6,4.52,208.2,0
77.3,126.8,99.0,31.6,72.5,7.14,257.0,1
28.1,108.9,16.3,35.2,54.2,7.59,107.8,0
27.3,101.7,164.3,37.0,47.1,6.28,242.6,1
105.5,91.5,171.9,23.2,89.1,7.63,274.0,1
12.0,107.1,114.6,30.6,69.8,6.89,54.0,0
40.4,39.8,175.5,18.2,37.4,4.99,169.4,0
90.2,125.4,183.4,34.6,67.7,4.93,286.3,1
122.5,98.8,197.0,35.9,38.4,4.54,129.2,1
90.9,8.6,63.4,18.4,45.3,7.79,62.8,0
58.3,56.1,169.9,23.4,84.9,7.42,272.6,1
23.2,119.2,179.6,28.6,70.9,7.8,106.2,0
119.2,90.6,90.3,20.7,51.5,5.4,182.3,1
84.1,83.6,196.1,27.0,69.4,5.26,162.3,1
117.0,13.4,128.4,22.0,69.5,7.28,141.1,1
42.2,103.0,159.2,22.1,58.3,5.93,67.1,0
95.8,97.2,15.2,37.3,55.5,6.96,196.2,1
86.6,53.6,103.2,25.5,73.8,5.79,99.0,1
113.9,30.4,82.3,25.5,40.8,6.32,251.7,1
40.1,113.1,90.7,18.5,52.2,8.08,56.1,0
20.9,69.6,100.7,27.2,72.2,6.88,177.9,1
93.5,11.6,155.5,25.7,78.8,8.04,200.8,1
56.1,71.5,190.7,24.7,36.8,6.97,144.2,1
62.3,74.0,141.5,38.6,94.2,7.45,280.2,1
55.3,92.4,133.0,30.2,84.1,8.15,152.7,1
123.1,113.4,111.2,39.2,80.9,5.35,76.6,0
50.7,115.2,202.3,35.9,73.3,4.84,134.2,1
36.5,51.6,164.9,38.3,82.0,7.82,120.0,1
57.7,128.2,24.1,24.6,86.3,7.03,266.0,1
22.2,82.7,122.4,27.1,80.0,7.22,141.5,1
127.0,47.4,144.5,23.3,93.3,6.85,54.4,1
119.6,131.5,91.7,35.5,94.5,7.93,143.1,1
68.6,45.4,65.8,27.0,57.9,8.18,54.8,0
123.7,98.4,88.2,15.8,50.4,7.8,155.1,1
68.6,111.6,37.0,31.0,92.7,4.7,103.4,1
94.7,18.7,70.6,17.0,44.3,8.15,207.3,0
67.3,66.6,150.8,25.2,34.2,8.32,285.9,1
66.4,101.9,17.4,33.1,32.0,7.71,228.3,0
63.5,7.2,181.7,21.8,43.6,7.26,111.9,1
16.3,9.2,181.1,25.4,55.3,8.49,178.0,1
93.6,126.4,129.9,15.3,51.3,5.74,100.4,1
25.3,6.1,13.2,19.6,89.2,7.57,279.3,0
47.0,84.0,126.0,27.6,91.5,4.68,173.2,1
123.7,28.8,152.7,30.3,35.7,6.7,145.5,1
58.9,20.4,126.9,33.1,66.9,5.95,201.0,0
72.5,92.7,27.3,39.6,37.3,6.7,245.9,1
50.0,124.2,124.1,18.6,87.5,7.22,213.1,1
33.3,65.2,70.4,35.8,40.7,5.41,204.7,1
78.9,138.0,196.6,24.4,37.4,6.04,74.4,1
131.2,67.7,93.8,16.2,88.8,7.36,272.3,1
99.9,17.0,25.1,23.8,33.5,5.41,299.9,1
86.1,139.5,122.3,39.4,65.1,5.83,75.1,0
31.0,31.9,134.9,20.0,42.5,6.66,246.5,1
56.2,54.9,181.8,23.8,47.6,4.94,83.0,1
53.6,142.7,125.4,34.2,94.0,6.83,152.3,1
101.0,144.8,83.4,22.9,66.1,4.92,126.8,0
62.5,5.3,83.2,40.0,86.0,5.25,127.7,0
49.3,47.6,130.5,39.8,71.3,7.07,139.3,1
103.7,107.9,8.7,35.6,40.8,5.95,80.7,0
74.5,131.3,39.6,37.8,61.9,6.01,229.2,1
66.5,32.1,123.2,33.8,75.8,7.05,153.0,1
125.4,32.4,46.3,36.7,89.5,6.37,190.7,1
85.0,6.6,118.6,16.6,76.3,6.81,262.6,1
21.7,79.5,115.8,17.1,84.1,5.94,229.4,1
65.3,71.3,8.8,26.2,84.0,7.92,75.9,0
60.8,96.8,120.3,39.8,71.9,6.26,298.5,1
68.1,126.9,71.4,18.5,32.3,4.66,221.6,1
64.1,40.5,23.4,29.6,76.1,4.82,151.9,1
72.9,134.8,101.1,15.2,32.6,6.9,252.6,1
40.6,85.6,27.6,39.2,81.1,5.6,252.8,0
82.7,60.1,80.7,35.9,80.7,7.31,284.3,1
123.1,120.8,19.7,17.2,39.2,8.23,224.9,0
61.2,5.0,149.4,35.0,77.4,6.38,90.6,1
132.0,133.5,84.0,32.0,65.6,8.14,273.5,1
11.1,73.3,152.4,30.0,89.5,8.2,273.8,0
16.9,112.5,49.9,25.3,54.1,8.15,91.7,0
123.8,46.2,6.6,26.0,68.3,7.62,206.3,0
85.8,95.3,29.7,38.0,72.0,5.86,157.0,1
89.0,75.8,129.0,27.7,42.6,6.87,130.5,1
64.3,136.7,72.8,18.3,74.9,7.16,169.5,1
125.7,53.4,159.5,17.7,53.7,7.93,207.2,1
55.5,38.3,48.8,15.2,56.3,8.29,267.0,1
33.6,11.3,126.4,18.0,47.6,4.73,295.0,0
106.1,54.2,31.1,29.6,33.7,7.23,271.2,1
40.2,12.4,52.1,19.5,93.3,7.54,136.2,0
71.9,78.1,24.2,27.4,77.4,5.54,260.6,1
88.9,61.5,114.7,21.9,42.7,4.94,129.8,1
105.4,41.6,196.2,26.8,71.3,6.74,84.2,1
84.7,49.0,150.6,32.7,77.2,7.07,244.6,1
30.2,132.2,40.3,27.6,64.3,7.79,266.4,1
129.9,11.1,172.0,20.9,45.3,4.89,217.5,1
126.4,115.3,20.2,16.5,56.6,7.77,146.6,1
21.5,111.8,166.2,22.3,52.5,6.19,92.0,0
99.0,49.1,71.3,36.6,61.0,5.7,290.7,1
95.4,99.4,78.7,29.3,32.4,8.24,92.4,1
112.1,10.4,35.9,26.2,85.6,5.42,233.2,0
92.7,110.9,36.6,27.2,44.8,8.2,127.1,1
15.1,59.0,63.4,34.8,82.8,5.05,92.3,0
52.1,8.3,189.5,31.6,47.3,5.87,116.8,0
106.6,73.3,134.9,25.3,61.9,8.41,187.8,1
87.0,139.0,48.2,39.7,48.6,4.75,143.0,1
95.1,126.0,8.4,39.3,87.7,4.65,268.5,0
57.1,57.4,169.8,25.4,59.5,5.13,244.6,1
113.9,5.2,93.1,34.5,51.6,8.21,250.4,0
86.9,79.8,35.7,26.5,78.8,7.32,230.3,1
134.3,127.5,57.4,35.4,51.8,6.56,283.5,1
61.3,40.6,162.0,18.0,86.8,4.74,242.9,1
10.6,57.4,193.4,37.1,50.4,6.48,79.5,1
40.2,8.9,129.0,31.5,87.0,5.75,140.9,0
52.5,13.7,135.5,37.3,78.1,6.74,269.9,1
106.1,13.4,93.0,26.4,47.3,8.08,264.6,0
111.3,123.6,169.3,31.2,52.1,6.63,269.5,1
101.6,104.4,83.1,24.9,34.1,4.62,93.9,1
78.1,35.5,50.3,26.6,31.5,6.88,137.8,1
79.3,44.0,97.2,25.5,72.4,8.19,219.9,1
124.7,128.9,57.3,27.4,35.6,5.66,203.6,1
75.2,77.3,165.5,25.5,61.2,6.84,231.6,1
53.6,28.2,19.1,34.0,50.4,5.07,163.7,0
98.2,12.8,193.9,27.5,48.2,6.96,112.5,1
28.1,31.0,168.8,33.8,38.3,4.8,209.6,0
60.3,6.9,192.0,26.1,68.3,5.51,94.8,0
35.7,41.7,76.3,34.5,74.0,7.0,263.7,1
108.3,29.8,87.2,24.8,70.5,5.06,80.6,0
21.4,82.4,130.3,36.0,54.5,5.65,249.6,1
120.8,60.2,85.9,29.6,91.3,4.66,167.4,1
123.1,90.6,68.3,32.5,92.8,4.92,105.1,1
27.7,109.8,13.7,38.6,48.4,4.85,272.9,0
122.5,104.9,204.9,26.7,30.6,5.12,64.6,0
42.4,113.2,105.5,28.4,33.9,6.67,117.4,1
95.3,22.5,25.9,19.4,30.2,5.18,149.7,0
67.7,133.2,202.5,23.4,37.2,5.51,133.1,1
55.5,40.1,108.4,18.7,90.2,7.91,288.5,1
82.7,64.2,150.9,15.9,38.2,5.4,188.8,1
117.1,64.6,150.0,28.0,46.9,7.84,141.9,1
54.5,36.2,194.7,24.6,90.2,5.18,119.4,1
67.4,136.4,38.2,39.8,65.6,4.73,192.0,1
47.5,140.6,63.1,34.5,52.6,5.49,124.5,1
38.1,46.0,152.9,24.4,38.0,7.75,60.1,0
65.2,31.2,185.1,39.6,66.7,5.09,169.8,1
17.3,115.6,128.1,38.2,38.8,6.64,204.1,1
103.4,5.2,165.6,16.5,34.5,7.58,202.0,1
30.7,95.6,180.8,30.8,91.6,8.13,279.6,0
54.7,18.6,144.0,30.6,45.3,5.12,72.3,0
112.3,123.1,84.8,20.4,86.1,8.01,133.7,1
33.8,86.4,122.3,16.9,58.5,5.8,224.4,0
110.2,38.7,146.3,17.7,70.0,6.53,79.1,1
85.2,114.6,199.2,25.6,73.4,5.14,143.3,1
90.4,65.7,132.3,32.0,55.1,8.03,246.5,1
12.1,11.4,151.3,38.4,56.2,7.72,149.6,0
28.7,45.3,43.6,21.4,42.4,6.47,236.1,1
43.8,144.1,86.7,31.8,59.9,7.87,179.9,1
122.6,96.0,177.2,32.1,93.5,6.6,297.5,1
87.3,99.5,40.8,30.8,72.3,5.7,155.1,1
56.9,27.1,190.3,38.6,70.1,6.03,257.9,1
22.4,56.9,192.0,21.3,40.7,8.44,177.5,0
92.0,95.2,196.6,37.8,66.8,7.98,246.5,1
70.1,133.3,30.9,21.4,61.3,6.6,102.0,1
92.6,45.4,123.0,24.6,58.1,6.02,102.6,1
139.4,142.0,169.8,32.7,84.1,7.65,72.4,0
65.3,35.7,111.6,36.4,88.1,5.86,94.7,1
132.6,130.7,111.1,15.1,61.1,6.27,125.0,1
60.8,66.7,138.1,26.6,90.2,7.47,257.7,1
17.4,74.7,46.6,31.6,67.0,5.72,272.3,1
84.8,118.1,95.2,23.0,45.1,5.36,220.4,1
117.7,26.5,173.3,38.1,52.7,4.75,292.8,1
18.2,133.5,162.4,34.7,91.6,8.1,187.8,0
75.0,142.0,116.4,26.3,38.1,7.23,94.9,1
87.4,60.5,93.8,38.4,42.2,4.76,91.7,1
60.5,106.9,190.6,30.2,55.0,5.16,162.6,1
62.0,44.6,90.1,26.8,76.3,6.73,201.5,1
41.9,140.7,36.4,39.7,31.4,4.74,73.7,0
23.3,107.8,109.2,23.5,69.8,7.94,198.6,1
74.7,88.6,167.4,34.9,67.6,5.96,191.3,1
39.0,69.8,140.6,22.0,85.8,7.41,207.0,1
139.8,49.1,168.3,16.2,54.0,7.18,61.8,1
70.4,101.8,139.2,15.4,92.5,7.64,274.8,1
55.9,136.9,46.0,19.5,59.0,5.15,285.0,1
123.2,60.6,124.3,27.9,75.6,7.54,114.2,1
80.4,50.9,31.0,25.4,45.9,8.06,237.6,1
79.8,54.0,112.8,22.9,52.2,5.96,222.9,1
35.4,85.4,183.5,20.4,35.1,7.86,145.8,0
58.7,114.4,130.5,38.3,87.5,4.88,93.8,1
80.2,90.4,107.6,16.7,47.3,7.42,189.6,1
20.8,63.6,44.6,38.2,92.1,6.47,169.8,1
18.5,114.7,70.6,27.5,80.8,4.8,131.4,1
102.0,89.3,154.4,33.1,87.2,4.8,204.1,1
61.6,123.0,160.6,28.5,59.5,6.99,118.7,1
138.3,98.8,32.2,31.2,76.5,6.41,259.4,1
23.1,118.0,103.6,22.7,84.6,6.72,218.6,1
65.8,129.6,134.0,35.4,55.7,6.23,80.4,1
46.4,34.1,139.0,20.2,54.6,5.4,221.9,1
45.9,37.5,147.5,33.1,55.3,7.62,163.2,1
134.3,17.5,144.0,29.2,32.5,6.86,147.5,1
127.5,109.7,200.0,24.2,55.9,5.97,273.0,1
36.2,25.4,40.5,33.8,74.5,5.0,234.0,0
137.3,143.9,50.0,38.1,73.0,8.1,69.4,1
128.7,72.2,147.2,33.2,61.6,6.59,130.8,1
106.0,32.1,43.6,30.6,69.1,6.65,296.4,1
21.0,33.7,102.7,20.3,68.0,7.07,277.1,1
92.4,31.8,78.2,23.0,72.0,8.33,87.9,0
92.9,40.6,7.3,21.6,94.1,6.48,297.1,1
46.3,109.2,65.5,24.3,35.8,5.42,253.7,1
32.7,65.4,133.5,34.9,52.7,7.85,162.5,1
65.1,145.0,99.9,37.5,38.8,8.0,170.1,1
139.0,81.8,95.3,39.0,64.5,8.38,291.9,1
122.8,100.8,98.3,33.9,90.9,4.75,140.6,1
45.1,82.5,67.9,15.8,67.7,5.27,272.2,1
10.1,96.9,75.1,23.8,65.7,4.85,274.0,0
123.1,16.9,99.1,17.5,53.4,6.42,269.2,1
120.2,115.4,124.4,21.8,49.6,6.87,107.2,1
47.5,16.1,79.9,37.6,63.2,6.56,209.6,1
91.9,37.5,111.5,36.5,41.4,7.44,111.8,1
116.3,40.5,127.1,21.6,80.5,5.16,156.9,1
136.5,25.7,78.8,35.4,88.4,5.76,257.8,1
21.5,107.7,109.9,27.0,82.7,8.06,236.6,0
83.3,137.9,37.8,32.2,62.9,7.96,134.5,1
