No,Domain,Dataset,N,D,Metric,TMRM,RandomForest,GradientBoosting,Winner,Margin_vs_Best,TMRM_Curvature
1,Cardiology Diagnostics,Cleveland Heart Disease,303,13,Acc,0.8553,0.8553,0.8421,TMRM,+0.0000,0.146
2,Clinical ICU Survival,Heart Failure Patient Triage,299,12,Acc,0.7867,0.84,0.8,RF,-0.0533,-0.001
3,Metabolic Disease,Clinical Diabetes Progression,442,10,R^2,0.5332,0.4556,0.4241,TMRM,+0.0775,0.067
4,Industrial Turbomachinery,Turbofan Telemetry (IoT),2000,5,Acc,0.854,0.864,0.852,RF,-0.0100,0.106
5,Chemical Spectrometry,Wine Cultivar Biomarkers,178,13,Acc,1.0,1.0,0.9778,TMRM,+0.0000,0.236
6,Atmospheric Hydrology,Air Quality PM2.5 Dynamics,2000,8,R^2,0.9716,0.9626,0.971,TMRM,+0.0006,0.098
7,Telecom SaaS Business,Customer Lifetime Churn,2000,8,Acc,0.698,0.688,0.686,TMRM,+0.0100,0.116
8,Oncology Medicine,Breast Cancer Cytology,569,30,Acc,0.951,0.958,0.958,RF,-0.0070,0.007
9,Financial Banking Credit,German Credit Default Risk,1000,24,Acc,0.752,0.788,0.768,RF,-0.0360,0.07
10,Housing Econometrics,California Price Surface,2500,8,R^2,0.7587,0.7997,0.8142,GB,-0.0555,0.073
11,Non-Linear Physics,Friedman-1 Energy Field,1200,10,R^2,0.7811,0.8377,0.9091,GB,-0.1280,-0.19
