Domain,Code,Problem,Train_Rows,Features,Winning_Model,Primary_Score,Score_Metric,RDS,Training_Time_Sec,Safety_Gate,Recourse_Status,Model_Path
Healthcare (Cardiology),heart_disease,Classification,242,13,Stacking_Ensemble_Stacking_Ensemble_Stacking_Ensemble_LogisticRegression_LightGBMClassifier_LogisticRegression_LogisticRegression,0.8852,Accuracy,0.0524,4.2,ABSTAIN,RECOURSE_FOUND (MAD Cost: 0.5),E:\Prediction Model\models\heart_disease_uap.joblib
Oncology (Cell Pathology),breast_cancer,Classification,455,30,Stacking_Ensemble_Stacking_Ensemble_Stacking_Ensemble_LogisticRegression_LightGBMClassifier_LogisticRegression_LogisticRegression,0.9561,Accuracy,0.0145,2.65,ABSTAIN,RECOURSE_FOUND (MAD Cost: 5.0),E:\Prediction Model\models\breast_cancer_uap.joblib
Banking & Finance (Credit Risk),credit_risk,Classification,800,24,Stacking_Ensemble_Stacking_Ensemble_Stacking_Ensemble_LogisticRegression_LightGBMClassifier_LogisticRegression_LogisticRegression,0.75,Accuracy,0.1257,3.34,ABSTAIN,RECOURSE_FOUND (MAD Cost: 0.5),E:\Prediction Model\models\credit_risk_uap.joblib
Smart Agriculture (Crop Yield),agriculture_crop,Classification,1760,7,Stacking_Ensemble_Stacking_Ensemble_Stacking_Ensemble_LogisticRegression_LightGBMClassifier_LogisticRegression_LogisticRegression,0.8318,Accuracy,0.1291,4.56,PREDICT_WITH_WARNING,RECOURSE_FOUND (MAD Cost: 0.25),E:\Prediction Model\models\agriculture_crop_uap.joblib
Industrial IoT (Predictive Maint.),iot_maintenance,Classification,4000,5,Stacking_Ensemble_Stacking_Ensemble_Stacking_Ensemble_LogisticRegression_LightGBMClassifier_LogisticRegression_LogisticRegression,0.851,Accuracy,0.099,4.57,PREDICT_WITH_WARNING,RECOURSE_FOUND (MAD Cost: 1.5),E:\Prediction Model\models\iot_maintenance_uap.joblib
Economics (Real Estate),california_housing,Regression,5000,8,Stacking_Ensemble_Stacking_Ensemble_Stacking_Ensemble_RidgeRegressor_LightGBMRegressor_RidgeRegressor_RidgeRegressor,0.7805,R2,0.9191,7.63,PREDICT,N/A (Regression),E:\Prediction Model\models\california_housing_uap.joblib
Clean Energy & Utilities,energy_grid,Regression,3600,8,Stacking_Ensemble_Stacking_Ensemble_Stacking_Ensemble_Stacking_Ensemble_RidgeRegressor_LightGBMRegressor_RidgeRegressor_RidgeRegressor_RidgeRegressor,0.9851,R2,0.7807,6.03,PREDICT_WITH_WARNING,N/A (Regression),E:\Prediction Model\models\energy_grid_uap.joblib
Telecom & SaaS (Retention),telecom_churn,Classification,2800,8,Stacking_Ensemble_Stacking_Ensemble_Stacking_Ensemble_Stacking_Ensemble_LogisticRegression_LightGBMClassifier_LogisticRegression_LogisticRegression_LogisticRegression,0.6843,Accuracy,0.0348,5.01,PREDICT_WITH_WARNING,RECOURSE_FOUND (MAD Cost: 0.25),E:\Prediction Model\models\telecom_churn_uap.joblib
Cybersecurity & Defense,cyber_intrusion,Classification,4000,8,Stacking_Ensemble_Stacking_Ensemble_Stacking_Ensemble_Stacking_Ensemble_LogisticRegression_LightGBMClassifier_LogisticRegression_LogisticRegression_LogisticRegression,0.994,Accuracy,0.0082,3.8,PREDICT,RECOURSE_FOUND (MAD Cost: 5.5),E:\Prediction Model\models\cyber_intrusion_uap.joblib
Fintech & Banking (Fraud),fraud_detection,Classification,4800,8,Stacking_Ensemble_Stacking_Ensemble_Stacking_Ensemble_Stacking_Ensemble_Stacking_Ensemble_LogisticRegression_LightGBMClassifier_LogisticRegression_LogisticRegression_LogisticRegression_LogisticRegression,0.991,Accuracy,0.006,7.35,PREDICT,RECOURSE_FOUND (MAD Cost: 0.75),E:\Prediction Model\models\fraud_detection_uap.joblib
Environmental Science (AQI),air_quality,Regression,2400,8,Stacking_Ensemble_Stacking_Ensemble_Stacking_Ensemble_Stacking_Ensemble_Stacking_Ensemble_RidgeRegressor_LightGBMRegressor_RidgeRegressor_RidgeRegressor_RidgeRegressor_RidgeRegressor,0.9766,R2,0.6919,10.32,PREDICT,N/A (Regression),E:\Prediction Model\models\air_quality_uap.joblib
Medical Biostatistics (Survival),clinical_survival,Classification,239,12,Stacking_Ensemble_Stacking_Ensemble_Stacking_Ensemble_Stacking_Ensemble_LogisticRegression_LightGBMClassifier_LogisticRegression_LogisticRegression_LogisticRegression,0.8333,Accuracy,0.0653,2.28,PREDICT_WITH_WARNING,RECOURSE_FOUND (MAD Cost: 0.25),E:\Prediction Model\models\clinical_survival_uap.joblib
