Domain,Sector,Code,Problem_Type,N_Samples,N_Features,Model,Model_Category,Primary_Score,Primary_Metric,Macro_F1_or_MAE,ROC_AUC_or_RMSE,Training_Time_Sec,UAP_Innovation_Features,Conformal_Certificate,Causal_SCM,Abstention_Gate,Counterfactual_Recourse,Online_Drift_Healing
Healthcare (Cardiology),Medical,heart_disease,Classification,303,13,Random Forest,Baseline Competitor,0.9016,Accuracy,0.9016,0.9545,0.54,None (Standard sklearn/xgb),N/A,N/A,N/A,N/A,N/A
Healthcare (Cardiology),Medical,heart_disease,Classification,303,13,XGBoost,Baseline Competitor,0.8689,Accuracy,0.8688,0.9253,0.16,None (Standard sklearn/xgb),N/A,N/A,N/A,N/A,N/A
Healthcare (Cardiology),Medical,heart_disease,Classification,303,13,LightGBM,Baseline Competitor,0.8852,Accuracy,0.8851,0.947,1.77,None (Standard sklearn/xgb),N/A,N/A,N/A,N/A,N/A
Healthcare (Cardiology),Medical,heart_disease,Classification,303,13,SVM (RBF Kernel),Baseline Competitor,0.8525,Accuracy,0.8523,0.9437,0.03,None (Standard sklearn/xgb),N/A,N/A,N/A,N/A,N/A
Healthcare (Cardiology),Medical,heart_disease,Classification,303,13,Logistic Regression,Baseline Competitor,0.8689,Accuracy,0.8688,0.9524,0.4,None (Standard sklearn/xgb),N/A,N/A,N/A,N/A,N/A
Healthcare (Cardiology),Medical,heart_disease,Classification,303,13,k-Nearest Neighbors,Baseline Competitor,0.8361,Accuracy,0.836,0.9453,0.02,None (Standard sklearn/xgb),N/A,N/A,N/A,N/A,N/A
Healthcare (Cardiology),Medical,heart_disease,Classification,303,13,UAP 3.0 (Universal Adaptive Prediction),UAP 3.0,0.8852,Accuracy,0.8848,0.961,36.62,Module1+2+3+4 | Conformal | CausalSCM | Abstention | FACE | Self-Healing,"C(x)=[0, 1]",Causal DAG Available,ABSTENTION_ENABLED,Feasible Recourse (FACE),Wasserstein + PSI Auto-Recalibration
Diagnostic Oncology,Medical,breast_cancer,Classification,569,30,Random Forest,Baseline Competitor,0.9561,Accuracy,0.9526,0.9931,0.54,None (Standard sklearn/xgb),N/A,N/A,N/A,N/A,N/A
Diagnostic Oncology,Medical,breast_cancer,Classification,569,30,XGBoost,Baseline Competitor,0.9474,Accuracy,0.9429,0.9934,0.21,None (Standard sklearn/xgb),N/A,N/A,N/A,N/A,N/A
Diagnostic Oncology,Medical,breast_cancer,Classification,569,30,LightGBM,Baseline Competitor,0.9561,Accuracy,0.9521,0.9891,0.11,None (Standard sklearn/xgb),N/A,N/A,N/A,N/A,N/A
Diagnostic Oncology,Medical,breast_cancer,Classification,569,30,SVM (RBF Kernel),Baseline Competitor,0.9825,Accuracy,0.9812,0.995,0.03,None (Standard sklearn/xgb),N/A,N/A,N/A,N/A,N/A
Diagnostic Oncology,Medical,breast_cancer,Classification,569,30,Logistic Regression,Baseline Competitor,0.9649,Accuracy,0.9619,0.996,0.34,None (Standard sklearn/xgb),N/A,N/A,N/A,N/A,N/A
Diagnostic Oncology,Medical,breast_cancer,Classification,569,30,k-Nearest Neighbors,Baseline Competitor,0.9737,Accuracy,0.9713,0.9884,0.13,None (Standard sklearn/xgb),N/A,N/A,N/A,N/A,N/A
Diagnostic Oncology,Medical,breast_cancer,Classification,569,30,UAP 3.0 (Universal Adaptive Prediction),UAP 3.0,0.9561,Accuracy,0.9526,0.9944,86.28,Module1+2+3+4 | Conformal | CausalSCM | Abstention | FACE | Self-Healing,C(x)=[0],Causal DAG Available,ABSTENTION_ENABLED,Feasible Recourse (FACE),Wasserstein + PSI Auto-Recalibration
Banking & Credit Risk,Finance,credit_risk,Classification,1000,24,Random Forest,Baseline Competitor,0.79,Accuracy,0.72,0.7929,0.79,None (Standard sklearn/xgb),N/A,N/A,N/A,N/A,N/A
Banking & Credit Risk,Finance,credit_risk,Classification,1000,24,XGBoost,Baseline Competitor,0.77,Accuracy,0.7083,0.794,0.24,None (Standard sklearn/xgb),N/A,N/A,N/A,N/A,N/A
Banking & Credit Risk,Finance,credit_risk,Classification,1000,24,LightGBM,Baseline Competitor,0.78,Accuracy,0.7241,0.7938,0.15,None (Standard sklearn/xgb),N/A,N/A,N/A,N/A,N/A
Banking & Credit Risk,Finance,credit_risk,Classification,1000,24,SVM (RBF Kernel),Baseline Competitor,0.745,Accuracy,0.648,0.7888,0.16,None (Standard sklearn/xgb),N/A,N/A,N/A,N/A,N/A
Banking & Credit Risk,Finance,credit_risk,Classification,1000,24,Logistic Regression,Baseline Competitor,0.77,Accuracy,0.6973,0.816,0.24,None (Standard sklearn/xgb),N/A,N/A,N/A,N/A,N/A
Banking & Credit Risk,Finance,credit_risk,Classification,1000,24,k-Nearest Neighbors,Baseline Competitor,0.725,Accuracy,0.6257,0.7576,0.02,None (Standard sklearn/xgb),N/A,N/A,N/A,N/A,N/A
Banking & Credit Risk,Finance,credit_risk,Classification,1000,24,UAP 3.0 (Universal Adaptive Prediction),UAP 3.0,0.775,Accuracy,0.7163,0.7824,59.57,Module1+2+3+4 | Conformal | CausalSCM | Abstention | FACE | Self-Healing,"C(x)=[0, 1]",Causal DAG Available,ABSTENTION_ENABLED,Feasible Recourse (FACE),Wasserstein + PSI Auto-Recalibration
Smart Agriculture,Agriculture,agriculture_crop,Classification,2200,7,Random Forest,Baseline Competitor,0.8409,Accuracy,0.7735,0.8915,0.86,None (Standard sklearn/xgb),N/A,N/A,N/A,N/A,N/A
Smart Agriculture,Agriculture,agriculture_crop,Classification,2200,7,XGBoost,Baseline Competitor,0.8432,Accuracy,0.7791,0.8892,0.22,None (Standard sklearn/xgb),N/A,N/A,N/A,N/A,N/A
Smart Agriculture,Agriculture,agriculture_crop,Classification,2200,7,LightGBM,Baseline Competitor,0.8364,Accuracy,0.7654,0.8806,0.15,None (Standard sklearn/xgb),N/A,N/A,N/A,N/A,N/A
Smart Agriculture,Agriculture,agriculture_crop,Classification,2200,7,SVM (RBF Kernel),Baseline Competitor,0.8136,Accuracy,0.7063,0.8314,0.41,None (Standard sklearn/xgb),N/A,N/A,N/A,N/A,N/A
Smart Agriculture,Agriculture,agriculture_crop,Classification,2200,7,Logistic Regression,Baseline Competitor,0.7977,Accuracy,0.677,0.7882,0.02,None (Standard sklearn/xgb),N/A,N/A,N/A,N/A,N/A
Smart Agriculture,Agriculture,agriculture_crop,Classification,2200,7,k-Nearest Neighbors,Baseline Competitor,0.7795,Accuracy,0.6382,0.7611,0.03,None (Standard sklearn/xgb),N/A,N/A,N/A,N/A,N/A
Smart Agriculture,Agriculture,agriculture_crop,Classification,2200,7,UAP 3.0 (Universal Adaptive Prediction),UAP 3.0,0.8386,Accuracy,0.7678,0.8931,86.49,Module1+2+3+4 | Conformal | CausalSCM | Abstention | FACE | Self-Healing,C(x)=[1],Causal DAG Available,ABSTENTION_ENABLED,Feasible Recourse (FACE),Wasserstein + PSI Auto-Recalibration
Industrial IoT,Industry,iot_maintenance,Classification,6000,5,Random Forest,Baseline Competitor,0.849,Accuracy,0.8372,0.926,0.88,None (Standard sklearn/xgb),N/A,N/A,N/A,N/A,N/A
Industrial IoT,Industry,iot_maintenance,Classification,6000,5,XGBoost,Baseline Competitor,0.853,Accuracy,0.8413,0.9253,0.22,None (Standard sklearn/xgb),N/A,N/A,N/A,N/A,N/A
Industrial IoT,Industry,iot_maintenance,Classification,6000,5,LightGBM,Baseline Competitor,0.841,Accuracy,0.8284,0.9217,0.15,None (Standard sklearn/xgb),N/A,N/A,N/A,N/A,N/A
Industrial IoT,Industry,iot_maintenance,Classification,6000,5,SVM (RBF Kernel),Baseline Competitor,0.863,Accuracy,0.8516,0.9331,1.89,None (Standard sklearn/xgb),N/A,N/A,N/A,N/A,N/A
Industrial IoT,Industry,iot_maintenance,Classification,6000,5,Logistic Regression,Baseline Competitor,0.868,Accuracy,0.8578,0.9398,0.04,None (Standard sklearn/xgb),N/A,N/A,N/A,N/A,N/A
Industrial IoT,Industry,iot_maintenance,Classification,6000,5,k-Nearest Neighbors,Baseline Competitor,0.847,Accuracy,0.8326,0.914,0.04,None (Standard sklearn/xgb),N/A,N/A,N/A,N/A,N/A
Industrial IoT,Industry,iot_maintenance,Classification,6000,5,UAP 3.0 (Universal Adaptive Prediction),UAP 3.0,0.861,Accuracy,0.8505,0.9347,76.3,Module1+2+3+4 | Conformal | CausalSCM | Abstention | FACE | Self-Healing,C(x)=[0],Causal DAG Available,ABSTENTION_ENABLED,Feasible Recourse (FACE),Wasserstein + PSI Auto-Recalibration
Macroeconomics (Real Estate),Economics,california_housing,Regression,6000,8,Random Forest,Baseline Competitor,0.7492,R2_Score,0.3756,0.5638,1.74,None (Standard sklearn/xgb),N/A,N/A,N/A,N/A,N/A
Macroeconomics (Real Estate),Economics,california_housing,Regression,6000,8,XGBoost,Baseline Competitor,0.7925,R2_Score,0.3381,0.5128,0.24,None (Standard sklearn/xgb),N/A,N/A,N/A,N/A,N/A
Macroeconomics (Real Estate),Economics,california_housing,Regression,6000,8,LightGBM,Baseline Competitor,0.804,R2_Score,0.3299,0.4984,0.18,None (Standard sklearn/xgb),N/A,N/A,N/A,N/A,N/A
Macroeconomics (Real Estate),Economics,california_housing,Regression,6000,8,SVR (RBF Kernel),Baseline Competitor,0.6923,R2_Score,0.4171,0.6245,1.13,None (Standard sklearn/xgb),N/A,N/A,N/A,N/A,N/A
Macroeconomics (Real Estate),Economics,california_housing,Regression,6000,8,Ridge Regression,Baseline Competitor,0.6084,R2_Score,0.5178,0.7045,0.0,None (Standard sklearn/xgb),N/A,N/A,N/A,N/A,N/A
Macroeconomics (Real Estate),Economics,california_housing,Regression,6000,8,k-Nearest Neighbors,Baseline Competitor,0.6256,R2_Score,0.4785,0.6889,0.06,None (Standard sklearn/xgb),N/A,N/A,N/A,N/A,N/A
Macroeconomics (Real Estate),Economics,california_housing,Regression,6000,8,UAP 3.0 (Universal Adaptive Prediction),UAP 3.0,0.803,R2_Score,0.3283,0.4997,81.28,Module1+2+3+4 | Conformal | CausalSCM | Abstention | FACE | Self-Healing,C(x)=?,Causal DAG Available,ABSTENTION_ENABLED,Feasible Recourse (FACE),Wasserstein + PSI Auto-Recalibration
Clean Energy & Utilities,Energy,energy_grid,Regression,4500,8,Random Forest,Baseline Competitor,0.9924,R2_Score,52.1826,71.0385,1.16,None (Standard sklearn/xgb),N/A,N/A,N/A,N/A,N/A
Clean Energy & Utilities,Energy,energy_grid,Regression,4500,8,XGBoost,Baseline Competitor,0.9939,R2_Score,48.8287,63.5979,0.21,None (Standard sklearn/xgb),N/A,N/A,N/A,N/A,N/A
Clean Energy & Utilities,Energy,energy_grid,Regression,4500,8,LightGBM,Baseline Competitor,0.9936,R2_Score,49.3415,65.2945,0.15,None (Standard sklearn/xgb),N/A,N/A,N/A,N/A,N/A
Clean Energy & Utilities,Energy,energy_grid,Regression,4500,8,SVR (RBF Kernel),Baseline Competitor,0.5996,R2_Score,435.7723,515.8311,0.7,None (Standard sklearn/xgb),N/A,N/A,N/A,N/A,N/A
Clean Energy & Utilities,Energy,energy_grid,Regression,4500,8,Ridge Regression,Baseline Competitor,0.9275,R2_Score,170.7771,219.4604,0.0,None (Standard sklearn/xgb),N/A,N/A,N/A,N/A,N/A
Clean Energy & Utilities,Energy,energy_grid,Regression,4500,8,k-Nearest Neighbors,Baseline Competitor,0.9715,R2_Score,105.2191,137.6549,0.03,None (Standard sklearn/xgb),N/A,N/A,N/A,N/A,N/A
Clean Energy & Utilities,Energy,energy_grid,Regression,4500,8,UAP 3.0 (Universal Adaptive Prediction),UAP 3.0,0.995,R2_Score,45.1322,57.5277,61.5,Module1+2+3+4 | Conformal | CausalSCM | Abstention | FACE | Self-Healing,C(x)=?,Causal DAG Available,ABSTENTION_ENABLED,Feasible Recourse (FACE),Wasserstein + PSI Auto-Recalibration
Telecom & SaaS (Churn),Telecom,telecom_churn,Classification,3500,8,Random Forest,Baseline Competitor,0.7,Accuracy,0.6658,0.7239,0.65,None (Standard sklearn/xgb),N/A,N/A,N/A,N/A,N/A
Telecom & SaaS (Churn),Telecom,telecom_churn,Classification,3500,8,XGBoost,Baseline Competitor,0.6871,Accuracy,0.6572,0.7191,0.15,None (Standard sklearn/xgb),N/A,N/A,N/A,N/A,N/A
Telecom & SaaS (Churn),Telecom,telecom_churn,Classification,3500,8,LightGBM,Baseline Competitor,0.6657,Accuracy,0.6379,0.6987,0.19,None (Standard sklearn/xgb),N/A,N/A,N/A,N/A,N/A
Telecom & SaaS (Churn),Telecom,telecom_churn,Classification,3500,8,SVM (RBF Kernel),Baseline Competitor,0.7057,Accuracy,0.6672,0.7448,1.21,None (Standard sklearn/xgb),N/A,N/A,N/A,N/A,N/A
Telecom & SaaS (Churn),Telecom,telecom_churn,Classification,3500,8,Logistic Regression,Baseline Competitor,0.71,Accuracy,0.681,0.7598,0.1,None (Standard sklearn/xgb),N/A,N/A,N/A,N/A,N/A
Telecom & SaaS (Churn),Telecom,telecom_churn,Classification,3500,8,k-Nearest Neighbors,Baseline Competitor,0.6929,Accuracy,0.6647,0.6976,0.03,None (Standard sklearn/xgb),N/A,N/A,N/A,N/A,N/A
Telecom & SaaS (Churn),Telecom,telecom_churn,Classification,3500,8,UAP 3.0 (Universal Adaptive Prediction),UAP 3.0,0.7,Accuracy,0.6697,0.7386,55.06,Module1+2+3+4 | Conformal | CausalSCM | Abstention | FACE | Self-Healing,"C(x)=[0, 1]",Causal DAG Available,ABSTENTION_ENABLED,Feasible Recourse (FACE),Wasserstein + PSI Auto-Recalibration
Cybersecurity & Defense,Cybersecurity,cyber_intrusion,Classification,5000,8,Random Forest,Baseline Competitor,0.993,Accuracy,0.9714,0.9972,0.62,None (Standard sklearn/xgb),N/A,N/A,N/A,N/A,N/A
Cybersecurity & Defense,Cybersecurity,cyber_intrusion,Classification,5000,8,XGBoost,Baseline Competitor,0.991,Accuracy,0.9627,0.9973,0.15,None (Standard sklearn/xgb),N/A,N/A,N/A,N/A,N/A
Cybersecurity & Defense,Cybersecurity,cyber_intrusion,Classification,5000,8,LightGBM,Baseline Competitor,0.994,Accuracy,0.9753,0.9978,0.16,None (Standard sklearn/xgb),N/A,N/A,N/A,N/A,N/A
Cybersecurity & Defense,Cybersecurity,cyber_intrusion,Classification,5000,8,SVM (RBF Kernel),Baseline Competitor,0.991,Accuracy,0.9627,0.9957,0.33,None (Standard sklearn/xgb),N/A,N/A,N/A,N/A,N/A
Cybersecurity & Defense,Cybersecurity,cyber_intrusion,Classification,5000,8,Logistic Regression,Baseline Competitor,0.99,Accuracy,0.9576,0.9842,0.21,None (Standard sklearn/xgb),N/A,N/A,N/A,N/A,N/A
Cybersecurity & Defense,Cybersecurity,cyber_intrusion,Classification,5000,8,k-Nearest Neighbors,Baseline Competitor,0.992,Accuracy,0.9666,0.9971,0.06,None (Standard sklearn/xgb),N/A,N/A,N/A,N/A,N/A
Cybersecurity & Defense,Cybersecurity,cyber_intrusion,Classification,5000,8,UAP 3.0 (Universal Adaptive Prediction),UAP 3.0,0.993,Accuracy,0.9714,0.9973,55.37,Module1+2+3+4 | Conformal | CausalSCM | Abstention | FACE | Self-Healing,C(x)=[0],Causal DAG Available,ABSTENTION_ENABLED,Feasible Recourse (FACE),Wasserstein + PSI Auto-Recalibration
Fintech & AML (Fraud),Fintech,fraud_detection,Classification,5800,8,Random Forest,Baseline Competitor,0.99,Accuracy,0.7475,0.9961,0.6,None (Standard sklearn/xgb),N/A,N/A,N/A,N/A,N/A
Fintech & AML (Fraud),Fintech,fraud_detection,Classification,5800,8,XGBoost,Baseline Competitor,0.99,Accuracy,0.7702,0.9963,0.11,None (Standard sklearn/xgb),N/A,N/A,N/A,N/A,N/A
Fintech & AML (Fraud),Fintech,fraud_detection,Classification,5800,8,LightGBM,Baseline Competitor,0.993,Accuracy,0.8461,0.9958,0.13,None (Standard sklearn/xgb),N/A,N/A,N/A,N/A,N/A
Fintech & AML (Fraud),Fintech,fraud_detection,Classification,5800,8,SVM (RBF Kernel),Baseline Competitor,0.989,Accuracy,0.7077,0.9958,0.14,None (Standard sklearn/xgb),N/A,N/A,N/A,N/A,N/A
Fintech & AML (Fraud),Fintech,fraud_detection,Classification,5800,8,Logistic Regression,Baseline Competitor,0.986,Accuracy,0.4965,0.9895,0.03,None (Standard sklearn/xgb),N/A,N/A,N/A,N/A,N/A
Fintech & AML (Fraud),Fintech,fraud_detection,Classification,5800,8,k-Nearest Neighbors,Baseline Competitor,0.988,Accuracy,0.697,0.9026,0.05,None (Standard sklearn/xgb),N/A,N/A,N/A,N/A,N/A
Fintech & AML (Fraud),Fintech,fraud_detection,Classification,5800,8,UAP 3.0 (Universal Adaptive Prediction),UAP 3.0,0.99,Accuracy,0.8412,0.9949,78.96,Module1+2+3+4 | Conformal | CausalSCM | Abstention | FACE | Self-Healing,C(x)=[0],Causal DAG Available,ABSTENTION_ENABLED,Feasible Recourse (FACE),Wasserstein + PSI Auto-Recalibration
Environmental Science (AQI),Environmental,air_quality,Regression,3000,8,Random Forest,Baseline Competitor,0.9699,R2_Score,3.8373,4.8864,1.2,None (Standard sklearn/xgb),N/A,N/A,N/A,N/A,N/A
Environmental Science (AQI),Environmental,air_quality,Regression,3000,8,XGBoost,Baseline Competitor,0.9739,R2_Score,3.564,4.5516,0.26,None (Standard sklearn/xgb),N/A,N/A,N/A,N/A,N/A
Environmental Science (AQI),Environmental,air_quality,Regression,3000,8,LightGBM,Baseline Competitor,0.9733,R2_Score,3.6131,4.5993,0.24,None (Standard sklearn/xgb),N/A,N/A,N/A,N/A,N/A
Environmental Science (AQI),Environmental,air_quality,Regression,3000,8,SVR (RBF Kernel),Baseline Competitor,0.9523,R2_Score,4.4785,6.1471,0.71,None (Standard sklearn/xgb),N/A,N/A,N/A,N/A,N/A
Environmental Science (AQI),Environmental,air_quality,Regression,3000,8,Ridge Regression,Baseline Competitor,0.979,R2_Score,3.1117,4.0797,0.01,None (Standard sklearn/xgb),N/A,N/A,N/A,N/A,N/A
Environmental Science (AQI),Environmental,air_quality,Regression,3000,8,k-Nearest Neighbors,Baseline Competitor,0.9588,R2_Score,4.4277,5.7151,0.05,None (Standard sklearn/xgb),N/A,N/A,N/A,N/A,N/A
Environmental Science (AQI),Environmental,air_quality,Regression,3000,8,UAP 3.0 (Universal Adaptive Prediction),UAP 3.0,0.9791,R2_Score,3.1434,4.0673,55.92,Module1+2+3+4 | Conformal | CausalSCM | Abstention | FACE | Self-Healing,C(x)=?,Causal DAG Available,ABSTENTION_ENABLED,Feasible Recourse (FACE),Wasserstein + PSI Auto-Recalibration
Medical Biostatistics (Survival),Medical,clinical_survival,Classification,299,12,Random Forest,Baseline Competitor,0.8167,Accuracy,0.7701,0.8825,0.55,None (Standard sklearn/xgb),N/A,N/A,N/A,N/A,N/A
Medical Biostatistics (Survival),Medical,clinical_survival,Classification,299,12,XGBoost,Baseline Competitor,0.8333,Accuracy,0.7869,0.8228,0.13,None (Standard sklearn/xgb),N/A,N/A,N/A,N/A,N/A
Medical Biostatistics (Survival),Medical,clinical_survival,Classification,299,12,LightGBM,Baseline Competitor,0.8333,Accuracy,0.7869,0.8357,0.04,None (Standard sklearn/xgb),N/A,N/A,N/A,N/A,N/A
Medical Biostatistics (Survival),Medical,clinical_survival,Classification,299,12,SVM (RBF Kernel),Baseline Competitor,0.7667,Accuracy,0.6889,0.8447,0.02,None (Standard sklearn/xgb),N/A,N/A,N/A,N/A,N/A
Medical Biostatistics (Survival),Medical,clinical_survival,Classification,299,12,Logistic Regression,Baseline Competitor,0.8333,Accuracy,0.7869,0.8614,0.28,None (Standard sklearn/xgb),N/A,N/A,N/A,N/A,N/A
Medical Biostatistics (Survival),Medical,clinical_survival,Classification,299,12,k-Nearest Neighbors,Baseline Competitor,0.75,Accuracy,0.5966,0.7458,0.03,None (Standard sklearn/xgb),N/A,N/A,N/A,N/A,N/A
Medical Biostatistics (Survival),Medical,clinical_survival,Classification,299,12,UAP 3.0 (Universal Adaptive Prediction),UAP 3.0,0.8333,Accuracy,0.7778,0.8665,38.21,Module1+2+3+4 | Conformal | CausalSCM | Abstention | FACE | Self-Healing,C(x)=[0],Causal DAG Available,ABSTENTION_ENABLED,Feasible Recourse (FACE),Wasserstein + PSI Auto-Recalibration
